name,owner,stars,forks,language,url,releases,age_years
JavaGuide,Snailclimb,148826,45767,Java,https://github.com/Snailclimb/JavaGuide,0,6.88
hello-algo,krahets,110752,13799,Java,https://github.com/krahets/hello-algo,9,2.38
java-design-patterns,iluwatar,91024,26849,Java,https://github.com/iluwatar/java-design-patterns,0,10.63
mall,macrozheng,79598,29106,Java,https://github.com/macrozheng/mall,3,6.97
advanced-java,doocs,77277,19165,Java,https://github.com/doocs/advanced-java,1,6.47
spring-boot,spring-projects,76509,40999,Java,https://github.com/spring-projects/spring-boot,30,12.43
LeetCodeAnimation,MisterBooo,75776,13979,Java,https://github.com/MisterBooo/LeetCodeAnimation,0,6.3
elasticsearch,elastic,72064,25096,Java,https://github.com/elastic/elasticsearch,30,15.13
interviews,kdn251,64024,12915,Java,https://github.com/kdn251/interviews,0,8.11
Java,TheAlgorithms,61133,19810,Java,https://github.com/TheAlgorithms/Java,0,8.69
spring-framework,spring-projects,57602,38389,Java,https://github.com/spring-projects/spring-framework,30,14.3
ghidra,NationalSecurityAgency,55542,6227,Java,https://github.com/NationalSecurityAgency/ghidra,30,6.07
Stirling-PDF,Stirling-Tools,54546,4533,Java,https://github.com/Stirling-Tools/Stirling-PDF,30,2.15
guava,google,50599,10963,Java,https://github.com/google/guava,30,10.82
RxJava,ReactiveX,48051,7609,Java,https://github.com/ReactiveX/RxJava,30,12.21
jadx,skylot,43249,5011,Java,https://github.com/skylot/jadx,30,12.02
dbeaver,dbeaver,42352,3603,Java,https://github.com/dbeaver/dbeaver,30,9.43
JeecgBoot,jeecgboot,41961,15177,Java,https://github.com/jeecgboot/JeecgBoot,30,6.33
dubbo,apache,40833,26500,Java,https://github.com/apache/dubbo,30,12.77
termux-app,termux,39912,4281,Java,https://github.com/termux/termux-app,30,9.42
MPAndroidChart,PhilJay,37873,9038,Java,https://github.com/PhilJay/MPAndroidChart,30,10.92
tutorials,eugenp,37102,54400,Java,https://github.com/eugenp/tutorials,0,11.91
arthas,alibaba,36076,7539,Java,https://github.com/alibaba/arthas,30,6.57
hello-algorithm,geekxh,35526,6470,Java,https://github.com/geekxh/hello-algorithm,0,4.82
lottie-android,airbnb,35247,5438,Java,https://github.com/airbnb/lottie-android,30,8.46
halo,halo-dev,35025,9839,Java,https://github.com/halo-dev/halo,30,7.01
glide,bumptech,34821,6150,Java,https://github.com/bumptech/glide,30,11.71
netty,netty,33901,16032,Java,https://github.com/netty/netty,0,14.38
spring-boot-demo,xkcoding,33512,10952,Java,https://github.com/xkcoding/spring-boot-demo,0,7.37
AndroidUtilCode,Blankj,33498,10709,Java,https://github.com/Blankj/AndroidUtilCode,30,8.65
leetcode,doocs,33364,8768,Java,https://github.com/doocs/leetcode,0,0.0
NewPipe,TeamNewPipe,33280,3154,Java,https://github.com/TeamNewPipe/NewPipe,0,0.0
easyexcel,alibaba,33235,7616,Java,https://github.com/alibaba/easyexcel,0,0.0
zxing,zxing,33165,9383,Java,https://github.com/zxing/zxing,0,0.0
selenium,SeleniumHQ,31908,8367,Java,https://github.com/SeleniumHQ/selenium,0,0.0
nacos,alibaba,31013,12965,Java,https://github.com/alibaba/nacos,0,0.0
WxJava,binarywang,30767,8805,Java,https://github.com/binarywang/WxJava,0,0.0
spring-boot-examples,ityouknow,30407,12339,Java,https://github.com/ityouknow/spring-boot-examples,0,0.0
ruoyi-vue-pro,YunaiV,29816,6432,Java,https://github.com/YunaiV/ruoyi-vue-pro,0,0.0
kafka,apache,29700,14238,Java,https://github.com/apache/kafka,0,0.0
hutool,chinabugotech,29641,7569,Java,https://github.com/chinabugotech/hutool,0,0.0
apollo,apolloconfig,29383,10224,Java,https://github.com/apolloconfig/apollo,0,0.0
canal,alibaba,28913,7647,Java,https://github.com/alibaba/canal,0,0.0
SpringAll,wuyouzhuguli,28674,8182,Java,https://github.com/wuyouzhuguli/SpringAll,0,0.0
xxl-job,xuxueli,28476,11116,Java,https://github.com/xuxueli/xxl-job,0,0.0
spring-cloud-alibaba,alibaba,28313,8384,Java,https://github.com/alibaba/spring-cloud-alibaba,0,0.0
druid,alibaba,28092,8596,Java,https://github.com/alibaba/druid,0,0.0
vhr,lenve,27663,10301,Java,https://github.com/lenve/vhr,0,0.0
JCSprout,crossoverJie,27109,7075,Java,https://github.com/crossoverJie/JCSprout,0,0.0
miaosha,qiurunze123,26282,6618,Java,https://github.com/qiurunze123/miaosha,0,0.0
keycloak,keycloak,26085,7155,Java,https://github.com/keycloak/keycloak,0,0.0
Telegram,DrKLO,25929,8298,Java,https://github.com/DrKLO/Telegram,0,0.0
fastjson,alibaba,25774,6490,Java,https://github.com/alibaba/fastjson,0,0.0
incubator-seata,apache,25552,8806,Java,https://github.com/apache/incubator-seata,0,0.0
butterknife,JakeWharton,25528,4598,Java,https://github.com/JakeWharton/butterknife,0,0.0
toBeTopJavaer,hollischuang,25420,5452,Java,https://github.com/hollischuang/toBeTopJavaer,0,0.0
SmartRefreshLayout,scwang90,25057,4968,Java,https://github.com/scwang90/SmartRefreshLayout,0,0.0
proxyee-down,proxyee-down-org,24902,4427,Java,https://github.com/proxyee-down-org/proxyee-down,0,0.0
EventBus,greenrobot,24742,4671,Java,https://github.com/greenrobot/EventBus,0,0.0
flink,apache,24651,13466,Java,https://github.com/apache/flink,0,0.0
Hystrix,Netflix,24270,4729,Java,https://github.com/Netflix/Hystrix,0,0.0
skywalking,apache,24165,6564,Java,https://github.com/apache/skywalking,0,0.0
libgdx,libgdx,23839,6475,Java,https://github.com/libgdx/libgdx,0,0.0
bazel,bazelbuild,23805,4158,Java,https://github.com/bazelbuild/bazel,0,0.0
jenkins,jenkinsci,23770,9005,Java,https://github.com/jenkinsci/jenkins,0,0.0
redisson,redisson,23686,5421,Java,https://github.com/redisson/redisson,0,0.0
gson,google,23622,4312,Java,https://github.com/google/gson,0,0.0
Mindustry,Anuken,23489,3045,Java,https://github.com/Anuken/Mindustry,0,0.0
openapi-generator,OpenAPITools,23153,6819,Java,https://github.com/OpenAPITools/openapi-generator,0,0.0
Sentinel,alibaba,22632,8070,Java,https://github.com/alibaba/Sentinel,0,0.0
source-code-hunter,doocs,22557,4171,Java,https://github.com/doocs/source-code-hunter,0,0.0
FizzBuzzEnterpriseEdition,EnterpriseQualityCoding,22226,772,Java,https://github.com/EnterpriseQualityCoding/FizzBuzzEnterpriseEdition,0,0.0
SmartTube,yuliskov,21870,1178,Java,https://github.com/yuliskov/SmartTube,0,0.0
ExoPlayer,google,21807,6037,Java,https://github.com/google/ExoPlayer,0,0.0
awesome-system-design-resources,ashishps1,21701,5188,Java,https://github.com/ashishps1/awesome-system-design-resources,0,0.0
rocketmq,apache,21628,11809,Java,https://github.com/apache/rocketmq,0,0.0
eladmin,elunez,21553,7381,Java,https://github.com/elunez/eladmin,0,0.0
Apktool,iBotPeaches,21552,3681,Java,https://github.com/iBotPeaches/Apktool,0,0.0
Chat2DB,CodePhiliaX,21397,2350,Java,https://github.com/CodePhiliaX/Chat2DB,0,0.0
graal,oracle,20719,1683,Java,https://github.com/oracle/graal,0,0.0
jdk,openjdk,20645,5759,Java,https://github.com/openjdk/jdk,0,0.0
GSYVideoPlayer,CarGuo,20602,4241,Java,https://github.com/CarGuo/GSYVideoPlayer,0,0.0
conductor,conductor-oss,20391,556,Java,https://github.com/conductor-oss/conductor,0,0.0
HikariCP,brettwooldridge,20325,2970,Java,https://github.com/brettwooldridge/HikariCP,0,0.0
DoKit,didi,20291,3145,Java,https://github.com/didi/DoKit,0,0.0
shardingsphere,apache,20126,6785,Java,https://github.com/apache/shardingsphere,0,0.0
mybatis-3,mybatis,20006,12924,Java,https://github.com/mybatis/mybatis-3,0,0.0
RxAndroid,ReactiveX,19865,2947,Java,https://github.com/ReactiveX/RxAndroid,0,0.0
dataease,dataease,19666,3506,Java,https://github.com/dataease/dataease,0,0.0
litemall,linlinjava,19550,7259,Java,https://github.com/linlinjava/litemall,0,0.0
LSPosed,LSPosed,19502,3182,Java,https://github.com/LSPosed/LSPosed,0,0.0
SpringBoot-Labs,yudaocode,19474,6079,Java,https://github.com/yudaocode/SpringBoot-Labs,0,0.0
PhotoView,Baseflow,18833,3930,Java,https://github.com/Baseflow/PhotoView,0,0.0
cat,dianping,18815,5429,Java,https://github.com/dianping/cat,0,0.0
DSA-Bootcamp-Java,kunal-kushwaha,18596,11749,Java,https://github.com/kunal-kushwaha/DSA-Bootcamp-Java,0,0.0
thingsboard,thingsboard,18475,5460,Java,https://github.com/thingsboard/thingsboard,0,0.0
SpringCloudLearning,forezp,17923,8057,Java,https://github.com/forezp/SpringCloudLearning,0,0.0
Algorithms,williamfiset,17765,4442,Java,https://github.com/williamfiset/Algorithms,0,0.0
intellij-community,JetBrains,17758,5363,Java,https://github.com/JetBrains/intellij-community,0,0.0
antlr4,antlr,17721,3340,Java,https://github.com/antlr/antlr4,0,0.0
disruptor,LMAX-Exchange,17682,3939,Java,https://github.com/LMAX-Exchange/disruptor,0,0
APIJSON,Tencent,17566,2193,Java,https://github.com/Tencent/APIJSON,0,0
tinker,Tencent,17259,3346,Java,https://github.com/Tencent/tinker,0,0
Sa-Token,dromara,17224,2674,Java,https://github.com/dromara/Sa-Token,0,0
zipkin,openzipkin,17149,3103,Java,https://github.com/openzipkin/zipkin,0,0
fresco,facebook,17100,3758,Java,https://github.com/facebook/fresco,0,0
yudao-cloud,YunaiV,16920,4188,Java,https://github.com/YunaiV/yudao-cloud,0,0
analysis-ik,infinilabs,16879,3291,Java,https://github.com/infinilabs/analysis-ik,0,0
JustAuth,justauth,16810,2795,Java,https://github.com/justauth/JustAuth,0,0
Android-Universal-Image-Loader,nostra13,16777,6087,Java,https://github.com/nostra13/Android-Universal-Image-Loader,0,0
java8-tutorial,winterbe,16773,4046,Java,https://github.com/winterbe/java8-tutorial,0,0
mybatis-plus,baomidou,16730,4345,Java,https://github.com/baomidou/mybatis-plus,0,0
zheng,shuzheng,16708,7360,Java,https://github.com/shuzheng/zheng,0,0
material-components-android,material-components,16623,3118,Java,https://github.com/material-components/material-components-android,0,0
kestra,kestra-io,16543,1397,Java,https://github.com/kestra-io/kestra,0,0
Grasscutter,Grasscutters,16473,4467,Java,https://github.com/Grasscutters/Grasscutter,0,0
springboot-learning-example,JeffLi1993,16445,7125,Java,https://github.com/JeffLi1993/springboot-learning-example,0,0
caffeine,ben-manes,16409,1626,Java,https://github.com/ben-manes/caffeine,0,0
DataX,alibaba,16308,5510,Java,https://github.com/alibaba/DataX,0,0
BigData-Notes,heibaiying,16280,4274,Java,https://github.com/heibaiying/BigData-Notes,0,0
presto,prestodb,16275,5433,Java,https://github.com/prestodb/presto,0,0
Ehviewer_CN_SXJ,xiaojieonly,16252,442,Java,https://github.com/xiaojieonly/Ehviewer_CN_SXJ,0,0
SpringBoot-Learning,dyc87112,15772,4880,Java,https://github.com/dyc87112/SpringBoot-Learning,0,0
VirtualXposed,android-hacker,15629,2505,Java,https://github.com/android-hacker/VirtualXposed,0,0
Android-CleanArchitecture,android10,15532,3314,Java,https://github.com/android10/Android-CleanArchitecture,0,0
tech-interview-for-developer,gyoogle,15523,3520,Java,https://github.com/gyoogle/tech-interview-for-developer,0,0
mockito,mockito,15086,2600,Java,https://github.com/mockito/mockito,0,0
questdb,questdb,14998,1219,Java,https://github.com/questdb/questdb,0,0
hadoop,apache,14997,9019,Java,https://github.com/apache/hadoop,0,0
bytecode-viewer,Konloch,14910,1172,Java,https://github.com/Konloch/bytecode-viewer,0,0
flink-learning,zhisheng17,14700,3926,Java,https://github.com/zhisheng17/flink-learning,0,0
CircleImageView,hdodenhof,14545,3117,Java,https://github.com/hdodenhof/CircleImageView,0,0
pulsar,apache,14506,3621,Java,https://github.com/apache/pulsar,0,0
QMUI_Android,Tencent,14475,2677,Java,https://github.com/Tencent/QMUI_Android,0,0
ARouter,alibaba,14473,2616,Java,https://github.com/alibaba/ARouter,0,0
vert.x,eclipse-vertx,14438,2087,Java,https://github.com/eclipse-vertx/vert.x,0,0
logstash,elastic,14390,3516,Java,https://github.com/elastic/logstash,0,0
jd-gui,java-decompiler,14381,2419,Java,https://github.com/java-decompiler/jd-gui,0,0
Arduino,arduino,14285,6996,Java,https://github.com/arduino/Arduino,0,0
quarkus,quarkusio,14238,2790,Java,https://github.com/quarkusio/quarkus,0,0
neo4j,neo4j,13991,2419,Java,https://github.com/neo4j/neo4j,0,0
supertokens-core,supertokens,13967,568,Java,https://github.com/supertokens/supertokens-core,0,0
deeplearning4j,deeplearning4j,13876,3845,Java,https://github.com/deeplearning4j/deeplearning4j,0,0
logger,orhanobut,13849,2140,Java,https://github.com/orhanobut/logger,0,0
jib,GoogleContainerTools,13839,1442,Java,https://github.com/GoogleContainerTools/jib,0,0
onedev,theonedev,13785,883,Java,https://github.com/theonedev/onedev,0,0
zuul,Netflix,13649,2408,Java,https://github.com/Netflix/zuul,0,0
druid,apache,13643,3732,Java,https://github.com/apache/druid,0,0
Luban,Curzibn,13629,2247,Java,https://github.com/Curzibn/Luban,0,0
spring-analysis,seaswalker,13609,4183,Java,https://github.com/seaswalker/spring-analysis,0,0
AndroidAutoSize,JessYanCoding,13593,1988,Java,https://github.com/JessYanCoding/AndroidAutoSize,0,0
pinpoint,pinpoint-apm,13548,3775,Java,https://github.com/pinpoint-apm/pinpoint,0,0
tink,tink-crypto,13524,1183,Java,https://github.com/tink-crypto/tink,0,0
Material-Animations,lgvalle,13513,2471,Java,https://github.com/lgvalle/Material-Animations,0,0
Android-PickerView,Bigkoo,13470,3457,Java,https://github.com/Bigkoo/Android-PickerView,0,0
piggymetrics,sqshq,13424,6198,Java,https://github.com/sqshq/piggymetrics,0,0
PictureSelector,LuckSiege,13408,3036,Java,https://github.com/LuckSiege/PictureSelector,0,0
doris,apache,13361,3384,Java,https://github.com/apache/doris,0,0
zaproxy,zaproxy,13357,2342,Java,https://github.com/zaproxy/zaproxy,0,0
dolphinscheduler,apache,13338,4734,Java,https://github.com/apache/dolphinscheduler,0,0
mit-deep-learning-book-pdf,janishar,13214,2773,Java,https://github.com/janishar/mit-deep-learning-book-pdf,0,0
Java,DuGuQiuBai,13213,5095,Java,https://github.com/DuGuQiuBai/Java,0,0
mall-learning,macrozheng,13093,8330,Java,https://github.com/macrozheng/mall-learning,0,0
lombok,projectlombok,13068,2425,Java,https://github.com/projectlombok/lombok,0,0
banner,youth5201314,12976,2523,Java,https://github.com/youth5201314/banner,0,0
languagetool,languagetool-org,12915,1420,Java,https://github.com/languagetool-org/languagetool,0,0
conductor,Netflix,12793,2338,Java,https://github.com/Netflix/conductor,0,0
stetho,facebook,12694,1128,Java,https://github.com/facebook/stetho,0,0
greenDAO,greenrobot,12625,2887,Java,https://github.com/greenrobot/greenDAO,0,0
dex2jar,pxb1988,12594,2147,Java,https://github.com/pxb1988/dex2jar,0,0
guice,google,12582,1670,Java,https://github.com/google/guice,0,0
cryptomator,cryptomator,12563,1081,Java,https://github.com/cryptomator/cryptomator,0,0
Matisse,zhihu,12548,2063,Java,https://github.com/zhihu/Matisse,0,0
eureka,Netflix,12511,3762,Java,https://github.com/Netflix/eureka,0,0
spring-boot-admin,codecentric,12508,3082,Java,https://github.com/codecentric/spring-boot-admin,0,0
AndroidViewAnimations,daimajia,12452,2425,Java,https://github.com/daimajia/AndroidViewAnimations,0,0
zookeeper,apache,12421,7269,Java,https://github.com/apache/zookeeper,0,0
AndroidSwipeLayout,daimajia,12400,2669,Java,https://github.com/daimajia/AndroidSwipeLayout,0,0
COLA,alibaba,12292,3138,Java,https://github.com/alibaba/COLA,0,0
Mybatis-PageHelper,pagehelper,12282,3135,Java,https://github.com/pagehelper/Mybatis-PageHelper,0,0
mall-swarm,macrozheng,12208,5354,Java,https://github.com/macrozheng/mall-swarm,0,0
jedis,redis,11998,3882,Java,https://github.com/redis/jedis,0,0
kkFileView,kekingcn,11976,2883,Java,https://github.com/kekingcn/kkFileView,0,0
uCrop,Yalantis,11961,2192,Java,https://github.com/Yalantis/uCrop,0,0
metersphere,metersphere,11907,2647,Java,https://github.com/metersphere/metersphere,0,0
VasSonic,Tencent,11851,1616,Java,https://github.com/Tencent/VasSonic,0,0
matrix,Tencent,11768,1893,Java,https://github.com/Tencent/matrix,0,0
android-interview-questions,amitshekhariitbhu,11723,2299,Java,https://github.com/amitshekhariitbhu/android-interview-questions,0,0
grpc-java,grpc,11650,3885,Java,https://github.com/grpc/grpc-java,0,0
fullstack-tutorial,frank-lam,11629,2441,Java,https://github.com/frank-lam/fullstack-tutorial,0,0
webmagic,code4craft,11521,4175,Java,https://github.com/code4craft/webmagic,0,0
realm-java,realm,11485,1754,Java,https://github.com/realm/realm-java,0,0
CtCI-6th-Edition,careercup,11402,4419,Java,https://github.com/careercup/CtCI-6th-Edition,0,0
ImmersionBar,gyf-dev,11376,1903,Java,https://github.com/gyf-dev/ImmersionBar,0,0
xManager,Team-xManager,11290,305,Java,https://github.com/Team-xManager/xManager,0,0
newbee-mall,newbee-ltd,11267,2727,Java,https://github.com/newbee-ltd/newbee-mall,0,0
PermissionsDispatcher,permissions-dispatcher,11228,1438,Java,https://github.com/permissions-dispatcher/PermissionsDispatcher,0,0
OpenRefine,OpenRefine,11210,2033,Java,https://github.com/OpenRefine/OpenRefine,0,0
debezium,debezium,11205,2622,Java,https://github.com/debezium/debezium,0,0
plantuml,plantuml,11158,1018,Java,https://github.com/plantuml/plantuml,0,0
interview,mission-peace,11139,5172,Java,https://github.com/mission-peace/interview,0,0
FlycoTabLayout,H07000223,11089,2415,Java,https://github.com/H07000223/FlycoTabLayout,0,0
jsoup,jhy,11087,2222,Java,https://github.com/jhy/jsoup,0,0
FileDownloader,lingochamp,11079,2208,Java,https://github.com/lingochamp/FileDownloader,0,0
SlidingMenu,jfeinstein10,11061,5026,Java,https://github.com/jfeinstein10/SlidingMenu,0,0
androidannotations,androidannotations,11044,2343,Java,https://github.com/androidannotations/androidannotations,0,0
cas,apereo,11042,3948,Java,https://github.com/apereo/cas,0,0
SmarterStreaming,daniulive,11023,2759,Java,https://github.com/daniulive/SmarterStreaming,0,0
trino,trinodb,11014,3134,Java,https://github.com/trinodb/trino,0,0
javapoet,square,10858,1387,Java,https://github.com/square/javapoet,0,0
vlayout,alibaba,10790,1792,Java,https://github.com/alibaba/vlayout,0,0
platform_frameworks_base,aosp-mirror,10707,6317,Java,https://github.com/aosp-mirror/platform_frameworks_base,0,0
jvm,doocs,10664,2289,Java,https://github.com/doocs/jvm,0,0
Paper,PaperMC,10650,2467,Java,https://github.com/PaperMC/Paper,0,0
android-async-http,android-async-http,10632,4084,Java,https://github.com/android-async-http/android-async-http,0,0
Java-WebSocket,TooTallNate,10625,2591,Java,https://github.com/TooTallNate/Java-WebSocket,0,0
okhttp-OkGo,jeasonlzy,10611,2554,Java,https://github.com/jeasonlzy/okhttp-OkGo,0,0
clojure,clojure,10577,1470,Java,https://github.com/clojure/clojure,0,0
jjwt,jwtk,10544,1348,Java,https://github.com/jwtk/jjwt,0,0
pkl,apple,10539,297,Java,https://github.com/apple/pkl,0,0
auto,google,10488,1204,Java,https://github.com/google/auto,0,0
JiaoZiVideoPlayer,lipangit,10487,2426,Java,https://github.com/lipangit/JiaoZiVideoPlayer,0,0
RxPermissions,tbruyelle,10483,1320,Java,https://github.com/tbruyelle/RxPermissions,0,0
kafka-ui,provectus,10482,1253,Java,https://github.com/provectus/kafka-ui,0,0
VirtualApp,asLody,10455,2937,Java,https://github.com/asLody/VirtualApp,0,0
datahub,datahub-project,10435,3068,Java,https://github.com/datahub-project/datahub,0,0
OpenSearch,opensearch-project,10385,1967,Java,https://github.com/opensearch-project/OpenSearch,0,0
MVPArms,JessYanCoding,10283,2384,Java,https://github.com/JessYanCoding/MVPArms,0,0
Activiti,Activiti,10270,6969,Java,https://github.com/Activiti/Activiti,0,0
ViewPagerIndicator,JakeWharton,10121,4001,Java,https://github.com/JakeWharton/ViewPagerIndicator,0,0
resilience4j,resilience4j,10045,1381,Java,https://github.com/resilience4j/resilience4j,0,0
lawnchair,LawnchairLauncher,9992,1273,Java,https://github.com/LawnchairLauncher/lawnchair,0,0
Aegis,beemdevelopment,9974,417,Java,https://github.com/beemdevelopment/Aegis,0,0
zfile,zfile-dev,9932,1869,Java,https://github.com/zfile-dev/zfile,0,0
glide-transformations,wasabeef,9921,1407,Java,https://github.com/wasabeef/glide-transformations,0,0
aws-doc-sdk-examples,awsdocs,9891,5734,Java,https://github.com/awsdocs/aws-doc-sdk-examples,0,0
easypermissions,googlesamples,9889,1457,Java,https://github.com/googlesamples/easypermissions,0,0
paascloud-master,paascloud,9874,4304,Java,https://github.com/paascloud/paascloud-master,0,0
spider-flow,ssssssss-team,9865,1905,Java,https://github.com/ssssssss-team/spider-flow,0,0
CoreNLP,stanfordnlp,9824,2712,Java,https://github.com/stanfordnlp/CoreNLP,0,0
JsBridge,uknownothingsnow,9823,2021,Java,https://github.com/uknownothingsnow/JsBridge,0,0
xpipe,xpipe-io,9774,344,Java,https://github.com/xpipe-io/xpipe,0,0
MagicIndicator,hackware1993,9766,1552,Java,https://github.com/hackware1993/MagicIndicator,0,0
AVLoadingIndicatorView,HarlonWang,9753,1891,Java,https://github.com/HarlonWang/AVLoadingIndicatorView,0,0
Fragmentation,YoKeyword,9726,2113,Java,https://github.com/YoKeyword/Fragmentation,0,0
starrocks,StarRocks,9704,1940,Java,https://github.com/StarRocks/starrocks,0,0
spark,perwendel,9654,1566,Java,https://github.com/perwendel/spark,0,0
Android-ObservableScrollView,ksoichiro,9652,2060,Java,https://github.com/ksoichiro/Android-ObservableScrollView,0,0
react-native-camera,react-native-camera,9649,3539,Java,https://github.com/react-native-camera/react-native-camera,0,0
spring-boot-api-project-seed,lihengming,9627,3784,Java,https://github.com/lihengming/spring-boot-api-project-seed,0,0
feign,OpenFeign,9617,1939,Java,https://github.com/OpenFeign/feign,0,0
GmsCore,microg,9581,1843,Java,https://github.com/microg/GmsCore,0,0
android-Ultra-Pull-To-Refresh,liaohuqiu,9580,2650,Java,https://github.com/liaohuqiu/android-Ultra-Pull-To-Refresh,0,0
android-gif-drawable,koral--,9578,1781,Java,https://github.com/koral--/android-gif-drawable,0,0
DanmakuFlameMaster,bilibili,9568,2112,Java,https://github.com/bilibili/DanmakuFlameMaster,0,0
Mycat-Server,MyCATApache,9547,3848,Java,https://github.com/MyCATApache/Mycat-Server,0,0
AndroidSlidingUpPanel,umano,9510,2263,Java,https://github.com/umano/AndroidSlidingUpPanel,0,0
Signal-Server,signalapp,9435,2216,Java,https://github.com/signalapp/Signal-Server,0,0
sonarqube,SonarSource,9419,2055,Java,https://github.com/SonarSource/sonarqube,0,0
PocketHub,pockethub,9388,3449,Java,https://github.com/pockethub/PocketHub,0,0
cim,crossoverJie,9384,2862,Java,https://github.com/crossoverJie/cim,0,0
AgentWeb,Justson,9304,1647,Java,https://github.com/Justson/AgentWeb,0,0
spring-reading,xuchengsheng,9294,1154,Java,https://github.com/xuchengsheng/spring-reading,0,0
testing-samples,android,9245,3636,Java,https://github.com/android/testing-samples,0,0
AndroidNote,GcsSloop,9233,2141,Java,https://github.com/GcsSloop/AndroidNote,0,0
CalendarView,huanghaibin-dev,9222,1814,Java,https://github.com/huanghaibin-dev/CalendarView,0,0
cassandra,apache,9096,3676,Java,https://github.com/apache/cassandra,0,0
android-gpuimage,cats-oss,9071,2274,Java,https://github.com/cats-oss/android-gpuimage,0,0
JsonPath,json-path,9068,1667,Java,https://github.com/json-path/JsonPath,0,0
spring-security,spring-projects,9029,6003,Java,https://github.com/spring-projects/spring-security,0,0
VirtualAPK,didi,9017,1529,Java,https://github.com/didi/VirtualAPK,0,0
MaterialDesignLibrary,navasmdc,8983,2217,Java,https://github.com/navasmdc/MaterialDesignLibrary,0,0
awesome-leetcode-resources,ashishps1,8972,2176,Java,https://github.com/ashishps1/awesome-leetcode-resources,0,0
EhViewer,seven332,8966,960,Java,https://github.com/seven332/EhViewer,0,0
Jetpack-MVVM-Best-Practice,KunMinX,8911,1647,Java,https://github.com/KunMinX/Jetpack-MVVM-Best-Practice,0,0
storm,nathanmarz,8821,1665,Java,https://github.com/nathanmarz/storm,0,0
StatusBarUtil,laobie,8806,1721,Java,https://github.com/laobie/StatusBarUtil,0,0
Android_Data,Freelander,8771,2027,Java,https://github.com/Freelander/Android_Data,0,0
awesome-java-leetcode,Blankj,8708,1724,Java,https://github.com/Blankj/awesome-java-leetcode,0,0
Android-PullToRefresh,chrisbanes,8701,4686,Java,https://github.com/chrisbanes/Android-PullToRefresh,0,0
jmeter,apache,8650,2155,Java,https://github.com/apache/jmeter,0,0
Android-SpinKit,ybq,8650,1311,Java,https://github.com/ybq/Android-SpinKit,0,0
jna,java-native-access,8650,1684,Java,https://github.com/java-native-access/jna,0,0
flyway,flyway,8620,1530,Java,https://github.com/flyway/flyway,0,0
AndResGuard,shwenzhang,8584,1542,Java,https://github.com/shwenzhang/AndResGuard,0,0
Calligraphy,chrisjenx,8583,1091,Java,https://github.com/chrisjenx/Calligraphy,0,0
buck,facebook,8557,1153,Java,https://github.com/facebook/buck,0,0
shenyu,apache,8554,2972,Java,https://github.com/apache/shenyu,0,0
epoxy,airbnb,8537,727,Java,https://github.com/airbnb/epoxy,0,0
junit4,junit-team,8530,3280,Java,https://github.com/junit-team/junit4,0,0
react-native-image-picker,react-native-image-picker,8527,2090,Java,https://github.com/react-native-image-picker/react-native-image-picker,0,0
dropwizard,dropwizard,8524,3441,Java,https://github.com/dropwizard/dropwizard,0,0
checkstyle,checkstyle,8519,3819,Java,https://github.com/checkstyle/checkstyle,0,0
karate,karatelabs,8495,1975,Java,https://github.com/karatelabs/karate,0,0
Android-Debug-Database,amitshekhariitbhu,8464,873,Java,https://github.com/amitshekhariitbhu/Android-Debug-Database,0,0
BottomBar,roughike,8407,1500,Java,https://github.com/roughike/BottomBar,0,0
hsweb-framework,hs-web,8365,3049,Java,https://github.com/hs-web/hsweb-framework,0,0
seatunnel,apache,8361,1927,Java,https://github.com/apache/seatunnel,0,0
tsunami-security-scanner,google,8358,899,Java,https://github.com/google/tsunami-security-scanner,0,0
flowable-engine,flowable,8302,2689,Java,https://github.com/flowable/flowable-engine,0,0
AndroidPdfViewer,DImuthuUpe,8265,1938,Java,https://github.com/DImuthuUpe/AndroidPdfViewer,0,0
shardingsphere-elasticjob,apache,8174,3285,Java,https://github.com/apache/shardingsphere-elasticjob,0,0
testcontainers-java,testcontainers,8162,1686,Java,https://github.com/testcontainers/testcontainers-java,0,0
atlas,alibaba,8140,1475,Java,https://github.com/alibaba/atlas,0,0
MaterialViewPager,florent37,8120,1478,Java,https://github.com/florent37/MaterialViewPager,0,0
LitePal,guolindev,8108,1586,Java,https://github.com/guolindev/LitePal,0,0
im-server,wildfirechat,8104,1828,Java,https://github.com/wildfirechat/im-server,0,0
otter,alibaba,8093,2494,Java,https://github.com/alibaba/otter,0,0
beam,apache,8045,4320,Java,https://github.com/apache/beam,0,0
ysoserial,frohoff,8043,1784,Java,https://github.com/frohoff/ysoserial,0,0
SimianArmy,Netflix,7982,1132,Java,https://github.com/Netflix/SimianArmy,0,0
subsampling-scale-image-view,davemorrissey,7940,1209,Java,https://github.com/davemorrissey/subsampling-scale-image-view,0,0
pentaho-kettle,pentaho,7923,3508,Java,https://github.com/pentaho/pentaho-kettle,0,0
hugo,JakeWharton,7923,798,Java,https://github.com/JakeWharton/hugo,0,0
transmittable-thread-local,alibaba,7882,1703,Java,https://github.com/alibaba/transmittable-thread-local,0,0
UltimateAndroidReference,aritraroy,7870,1290,Java,https://github.com/aritraroy/UltimateAndroidReference,0,0
XPopup,junixapp,7860,1190,Java,https://github.com/junixapp/XPopup,0,0
HomeMirror,HannahMitt,7852,668,Java,https://github.com/HannahMitt/HomeMirror,0,0
metrics,dropwizard,7843,1812,Java,https://github.com/dropwizard/metrics,0,0
LSPatch,LSPosed,7806,869,Java,https://github.com/LSPosed/LSPatch,0,0
material-theme-jetbrains,ChrisRM,7805,448,Java,https://github.com/ChrisRM/material-theme-jetbrains,0,0
tomcat,apache,7756,5126,Java,https://github.com/apache/tomcat,0,0
javacv,bytedeco,7721,1603,Java,https://github.com/bytedeco/javacv,0,0
RxLifecycle,trello-archive,7704,638,Java,https://github.com/trello-archive/RxLifecycle,0,0
react-native-svg,software-mansion,7669,1149,Java,https://github.com/software-mansion/react-native-svg,0,0
vjtools,vipshop,7650,1524,Java,https://github.com/vipshop/vjtools,0,0
MVVMHabit,goldze,7644,1697,Java,https://github.com/goldze/MVVMHabit,0,0
aeron,aeron-io,7636,912,Java,https://github.com/aeron-io/aeron,0,0
graylog2-server,Graylog2,7601,1083,Java,https://github.com/Graylog2/graylog2-server,0,0
baritone,cabaletta,7596,1525,Java,https://github.com/cabaletta/baritone,0,0
MyBookshelf,gedoor,7592,1816,Java,https://github.com/gedoor/MyBookshelf,0,0
android-classyshark,google,7562,870,Java,https://github.com/google/android-classyshark,0,0
Shadow,Tencent,7554,1317,Java,https://github.com/Tencent/Shadow,0,0
RxJava-Android-Samples,kaushikgopal,7538,1373,Java,https://github.com/kaushikgopal/RxJava-Android-Samples,0,0
AndroidAsync,koush,7537,1561,Java,https://github.com/koush/AndroidAsync,0,0
PojavLauncher,PojavLauncherTeam,7514,1388,Java,https://github.com/PojavLauncherTeam/PojavLauncher,0,0
closure-compiler,google,7486,1161,Java,https://github.com/google/closure-compiler,0,0
algs4,kevin-wayne,7469,2678,Java,https://github.com/kevin-wayne/algs4,0,0
SDE-Interview-Questions,twowaits,7449,2208,Java,https://github.com/twowaits/SDE-Interview-Questions,0,0
hellocharts-android,lecho,7443,1614,Java,https://github.com/lecho/hellocharts-android,0,0
LeetCode,yuanguangxin,7419,1882,Java,https://github.com/yuanguangxin/LeetCode,0,0
swagger-core,swagger-api,7418,2197,Java,https://github.com/swagger-api/swagger-core,0,0
PowerJob,PowerJob,7388,1298,Java,https://github.com/PowerJob/PowerJob,0,0
SpringCloud-Learning,dyc87112,7376,2881,Java,https://github.com/dyc87112/SpringCloud-Learning,0,0
HMCL,HMCL-dev,7376,701,Java,https://github.com/HMCL-dev/HMCL,0,0
VBlog,lenve,7367,2914,Java,https://github.com/lenve/VBlog,0,0
Mapper,abel533,7366,1627,Java,https://github.com/abel533/Mapper,0,0
ShortcutBadger,leolin310148,7351,1343,Java,https://github.com/leolin310148/ShortcutBadger,0,0
RePlugin,Qihoo360,7308,1537,Java,https://github.com/Qihoo360/RePlugin,0,0
dagger,square,7305,3072,Java,https://github.com/square/dagger,0,0
mapstruct,mapstruct,7278,974,Java,https://github.com/mapstruct/mapstruct,0,0
Android-Bootstrap,Bearded-Hen,7277,1420,Java,https://github.com/Bearded-Hen/Android-Bootstrap,0,0
sweet-alert-dialog,pedant,7257,1934,Java,https://github.com/pedant/sweet-alert-dialog,0,0
TakePhoto,crazycodeboy,7243,1506,Java,https://github.com/crazycodeboy/TakePhoto,0,0
UltimateRecyclerView,cymcsg,7211,1420,Java,https://github.com/cymcsg/UltimateRecyclerView,0,0
WeChatLuckyMoney,geeeeeeeeek,7208,2211,Java,https://github.com/geeeeeeeeek/WeChatLuckyMoney,0,0
xmall,Exrick,7204,2556,Java,https://github.com/Exrick/xmall,0,0
gocd,gocd,7202,977,Java,https://github.com/gocd/gocd,0,0
agera,google,7180,634,Java,https://github.com/google/agera,0,0
SmartTabLayout,ogaclejapan,7092,1338,Java,https://github.com/ogaclejapan/SmartTabLayout,0,0
MinecraftForge,MinecraftForge,7091,2733,Java,https://github.com/MinecraftForge/MinecraftForge,0,0
ActionBarSherlock,JakeWharton,7085,3516,Java,https://github.com/JakeWharton/ActionBarSherlock,0,0
LeetCode-Book,krahets,7083,816,Java,https://github.com/krahets/LeetCode-Book,0,0
iceberg,apache,7063,2439,Java,https://github.com/apache/iceberg,0,0
KnowStreaming,didi,7054,1288,Java,https://github.com/didi/KnowStreaming,0,0
nanohttpd,NanoHttpd,7048,1705,Java,https://github.com/NanoHttpd/nanohttpd,0,0
Timber,naman14,7034,2157,Java,https://github.com/naman14/Timber,0,0
elasticsearch-sql,NLPchina,7008,1541,Java,https://github.com/NLPchina/elasticsearch-sql,0,0
alluxio,Alluxio,6958,2945,Java,https://github.com/Alluxio/alluxio,0,0
error-prone,google,6947,752,Java,https://github.com/google/error-prone,0,0
rest-assured,rest-assured,6933,1883,Java,https://github.com/rest-assured/rest-assured,0,0
DroidPlugin,DroidPluginTeam,6920,2523,Java,https://github.com/DroidPluginTeam/DroidPlugin,0,0
netty-socketio,mrniko,6914,1670,Java,https://github.com/mrniko/netty-socketio,0,0
jimureport,jeecgboot,6870,1722,Java,https://github.com/jeecgboot/jimureport,0,0
okhttputils,hongyangAndroid,6870,2385,Java,https://github.com/hongyangAndroid/okhttputils,0,0
jvm-sandbox,alibaba,6861,1575,Java,https://github.com/alibaba/jvm-sandbox,0,0
JavaTutorial,h2pl,6861,1588,Java,https://github.com/h2pl/JavaTutorial,0,0
1brc,gunnarmorling,6829,1989,Java,https://github.com/gunnarmorling/1brc,0,0
walle,Meituan-Dianping,6813,1086,Java,https://github.com/Meituan-Dianping/walle,0,0
DependencyCheck,dependency-check,6809,1339,Java,https://github.com/dependency-check/DependencyCheck,0,0
AntennaPod,AntennaPod,6795,1446,Java,https://github.com/AntennaPod/AntennaPod,0,0
react-native-push-notification,zo0r,6777,2054,Java,https://github.com/zo0r/react-native-push-notification,0,0
angel,Angel-ML,6752,1594,Java,https://github.com/Angel-ML/angel,0,0
rabbitmq-tutorials,rabbitmq,6730,3572,Java,https://github.com/rabbitmq/rabbitmq-tutorials,0,0
mybatis-generator-gui,zouzg,6699,2534,Java,https://github.com/zouzg/mybatis-generator-gui,0,0
AndroidPerformanceMonitor,markzhai,6698,1023,Java,https://github.com/markzhai/AndroidPerformanceMonitor,0,0
AndroidAutoLayout,hongyangAndroid,6676,1895,Java,https://github.com/hongyangAndroid/AndroidAutoLayout,0,0
haven,guardianproject,6672,730,Java,https://github.com/guardianproject/haven,0,0
gnirehtet,Genymobile,6667,619,Java,https://github.com/Genymobile/gnirehtet,0,0
springcloud-learning,macrozheng,6648,2805,Java,https://github.com/macrozheng/springcloud-learning,0,0
BookReader,smuyyh,6645,1882,Java,https://github.com/smuyyh/BookReader,0,0
wiremock,wiremock,6640,1459,Java,https://github.com/wiremock/wiremock,0,0
AndPermission,yanzhenjie,6633,1102,Java,https://github.com/yanzhenjie/AndPermission,0,0
springBoot,527515025,6629,3152,Java,https://github.com/527515025/springBoot,0,0
storm,apache,6614,4077,Java,https://github.com/apache/storm,0,0
AndroidPicker,gzu-liyujiang,6600,1480,Java,https://github.com/gzu-liyujiang/AndroidPicker,0,0
Toasty,GrenderG,6589,810,Java,https://github.com/GrenderG/Toasty,0,0
AndroidProject,getActivity,6588,1378,Java,https://github.com/getActivity/AndroidProject,0,0
itstack-demo-design,fuzhengwei,6569,1952,Java,https://github.com/fuzhengwei/itstack-demo-design,0,0
GoGoGo,ZCShou,6564,771,Java,https://github.com/ZCShou/GoGoGo,0,0
junit5,junit-team,6552,1529,Java,https://github.com/junit-team/junit5,0,0
Leaf,Meituan-Dianping,6550,1853,Java,https://github.com/Meituan-Dianping/Leaf,0,0
langchain4j,langchain4j,6539,1228,Java,https://github.com/langchain4j/langchain4j,0,0
ansj_seg,NLPchina,6519,2315,Java,https://github.com/NLPchina/ansj_seg,0,0
processing,processing,6502,1500,Java,https://github.com/processing/processing,0,0
zeppelin,apache,6471,2818,Java,https://github.com/apache/zeppelin,0,0
Android-skin-support,ximsfei,6463,1090,Java,https://github.com/ximsfei/Android-skin-support,0,0
byte-buddy,raphw,6442,813,Java,https://github.com/raphw/byte-buddy,0,0
quartz,quartz-scheduler,6440,1958,Java,https://github.com/quartz-scheduler/quartz,0,0
RoundedImageView,vinc3m1,6432,1250,Java,https://github.com/vinc3m1/RoundedImageView,0,0
Android-Image-Cropper,ArthurHub,6423,1383,Java,https://github.com/ArthurHub/Android-Image-Cropper,0,0
smali,JesusFreke,6417,1082,Java,https://github.com/JesusFreke/smali,0,0
Spring-Cloud-Platform,wxiaoqi,6399,2393,Java,https://github.com/wxiaoqi/Spring-Cloud-Platform,0,0
java-eight-part,CoderLeixiaoshuai,6395,1016,Java,https://github.com/CoderLeixiaoshuai/java-eight-part,0,0
android-floating-action-button,zendesk,6379,1451,Java,https://github.com/zendesk/android-floating-action-button,0,0
jOOQ,jOOQ,6338,1214,Java,https://github.com/jOOQ/jOOQ,0,0
async-http-client,AsyncHttpClient,6325,1595,Java,https://github.com/AsyncHttpClient/async-http-client,0,0
JFoenix,sshahine,6315,1053,Java,https://github.com/sshahine/JFoenix,0,0
remusic,aa112901,6295,1924,Java,https://github.com/aa112901/remusic,0,0
Recaf,Col-E,6289,476,Java,https://github.com/Col-E/Recaf,0,0
richeditor-android,wasabeef,6289,1199,Java,https://github.com/wasabeef/richeditor-android,0,0
ion,koush,6282,1035,Java,https://github.com/koush/ion,0,0
jsonschema2pojo,joelittlejohn,6277,1660,Java,https://github.com/joelittlejohn/jsonschema2pojo,0,0
hazelcast,hazelcast,6270,1859,Java,https://github.com/hazelcast/hazelcast,0,0
from-java-to-kotlin,amitshekhariitbhu,6257,790,Java,https://github.com/amitshekhariitbhu/from-java-to-kotlin,0,0
config,lightbend,6222,963,Java,https://github.com/lightbend/config,0,0
spring-cloud-examples,ityouknow,6217,3082,Java,https://github.com/ityouknow/spring-cloud-examples,0,0
pig,pig-mesh,6196,984,Java,https://github.com/pig-mesh/pig,0,0
micronaut-core,micronaut-projects,6189,1093,Java,https://github.com/micronaut-projects/micronaut-core,0,0
CompreFace,exadel-inc,6177,833,Java,https://github.com/exadel-inc/CompreFace,0,0
graphql-java,graphql-java,6164,1127,Java,https://github.com/graphql-java/graphql-java,0,0
smile,haifengl,6143,1138,Java,https://github.com/haifengl/smile,0,0
SwipeBackLayout,ikew0ng,6121,1400,Java,https://github.com/ikew0ng/SwipeBackLayout,0,0
hibernate-orm,hibernate,6116,3616,Java,https://github.com/hibernate/hibernate-orm,0,0
grafika,google,6116,1463,Java,https://github.com/google/grafika,0,0
MaterialEditText,rengwuxian,6103,1041,Java,https://github.com/rengwuxian/MaterialEditText,0,0
NumberProgressBar,daimajia,6093,1401,Java,https://github.com/daimajia/NumberProgressBar,0,0
hertzbeat,apache,6080,1073,Java,https://github.com/apache/hertzbeat,0,0
vespa,vespa-engine,6065,626,Java,https://github.com/vespa-engine/vespa,0,0
gephi,gephi,6058,1578,Java,https://github.com/gephi/gephi,0,0
EffectiveAndroidUI,pedrovgs,6024,1191,Java,https://github.com/pedrovgs/EffectiveAndroidUI,0,0
dynamic-load-apk,singwhatiwanna,6020,1995,Java,https://github.com/singwhatiwanna/dynamic-load-apk,0,0
XXPermissions,getActivity,6019,811,Java,https://github.com/getActivity/XXPermissions,0,0
j2objc,google,6008,980,Java,https://github.com/google/j2objc,0,0
flink-cdc,apache,6003,2007,Java,https://github.com/apache/flink-cdc,0,0
material,rey5137,5998,1317,Java,https://github.com/rey5137/material,0,0
java-jwt,auth0,5995,934,Java,https://github.com/auth0/java-jwt,0,0
physical-web,google,5988,663,Java,https://github.com/google/physical-web,0,0
xUtils3,wyouflf,5980,1979,Java,https://github.com/wyouflf/xUtils3,0,0
incubator-kie-drools,apache,5976,2534,Java,https://github.com/apache/incubator-kie-drools,0,0
useful-java-links,Vedenin,5964,1186,Java,https://github.com/Vedenin/useful-java-links,0,0
ssm,liyifeng1994,5951,2748,Java,https://github.com/liyifeng1994/ssm,0,0
robolectric,robolectric,5941,1374,Java,https://github.com/robolectric/robolectric,0,0
springfox,springfox,5938,1536,Java,https://github.com/springfox/springfox,0,0
androidmvp,antoniolg,5926,1570,Java,https://github.com/antoniolg/androidmvp,0,0
material-calendarview,prolificinteractive,5921,1311,Java,https://github.com/prolificinteractive/material-calendarview,0,0
SoloPi,alipay,5906,1229,Java,https://github.com/alipay/SoloPi,0,0
mini-spring,DerekYRC,5901,1378,Java,https://github.com/DerekYRC/mini-spring,0,0
SpringBootVulExploit,LandGrey,5889,1313,Java,https://github.com/LandGrey/SpringBootVulExploit,0,0
motan,weibocom,5886,1769,Java,https://github.com/weibocom/motan,0,0
btrace,btraceio,5871,961,Java,https://github.com/btraceio/btrace,0,0
vavr,vavr-io,5868,643,Java,https://github.com/vavr-io/vavr,0,0
blade,lets-blade,5861,1172,Java,https://github.com/lets-blade/blade,0,0
zxing-android-embedded,journeyapps,5826,1280,Java,https://github.com/journeyapps/zxing-android-embedded,0,0
jetlinks-community,jetlinks,5826,1733,Java,https://github.com/jetlinks/jetlinks-community,0,0
BoomMenu,Nightonke,5803,1153,Java,https://github.com/Nightonke/BoomMenu,0,0
DiscreteScrollView,yarolegovich,5788,785,Java,https://github.com/yarolegovich/DiscreteScrollView,0,0
tcc-transaction,changmingxie,5787,2788,Java,https://github.com/changmingxie/tcc-transaction,0,0
DiskLruCache,JakeWharton,5786,1176,Java,https://github.com/JakeWharton/DiskLruCache,0,0
circular-progress-button,dmytrodanylyk,5768,1181,Java,https://github.com/dmytrodanylyk/circular-progress-button,0,0
camel,apache,5768,5006,Java,https://github.com/apache/camel,0,0
Fast-Android-Networking,amitshekhariitbhu,5765,967,Java,https://github.com/amitshekhariitbhu/Fast-Android-Networking,0,0
kafdrop,obsidiandynamics,5764,872,Java,https://github.com/obsidiandynamics/kafdrop,0,0
InfiniteCycleViewPager,Devlight,5736,829,Java,https://github.com/Devlight/InfiniteCycleViewPager,0,0
google-java-format,google,5734,872,Java,https://github.com/google/google-java-format,0,0
datax-web,WeiYe-Jing,5726,2187,Java,https://github.com/WeiYe-Jing/datax-web,0,0
lanproxy,ffay,5725,1550,Java,https://github.com/ffay/lanproxy,0,0
wvp-GB28181-pro,648540858,5721,1623,Java,https://github.com/648540858/wvp-GB28181-pro,0,0
javaparser,javaparser,5718,1190,Java,https://github.com/javaparser/javaparser,0,0
FastHub,k0shk0sh,5716,925,Java,https://github.com/k0shk0sh/FastHub,0,0
traccar,traccar,5711,2711,Java,https://github.com/traccar/traccar,0,0
aurora-imui,jpush,5711,998,Java,https://github.com/jpush/aurora-imui,0,0
iotdb,apache,5710,1037,Java,https://github.com/apache/iotdb,0,0
hippo4j,opengoofy,5707,1202,Java,https://github.com/opengoofy/hippo4j,0,0
Discovery,Nepxion,5700,1432,Java,https://github.com/Nepxion/Discovery,0,0
springside4,springside,5699,2898,Java,https://github.com/springside/springside4,0,0
hudi,apache,5698,2389,Java,https://github.com/apache/hudi,0,0
QR-Code-generator,nayuki,5688,1154,Java,https://github.com/nayuki/QR-Code-generator,0,0
SwipeRecyclerView,yanzhenjie,5682,1098,Java,https://github.com/yanzhenjie/SwipeRecyclerView,0,0
pinot,apache,5681,1345,Java,https://github.com/apache/pinot,0,0
graphhopper,graphhopper,5673,1683,Java,https://github.com/graphhopper/graphhopper,0,0
u2020,JakeWharton,5672,926,Java,https://github.com/JakeWharton/u2020,0,0
hive,apache,5663,4722,Java,https://github.com/apache/hive,0,0
TV,FongMi,5653,1872,Java,https://github.com/FongMi/TV,0,0
austin,ZhongFuCheng3y,5651,1394,Java,https://github.com/ZhongFuCheng3y/austin,0,0
api-samples,youtube,5646,3000,Java,https://github.com/youtube/api-samples,0,0
IJPay,Javen205,5646,1379,Java,https://github.com/Javen205/IJPay,0,0
react-native-splash-screen,crazycodeboy,5640,1104,Java,https://github.com/crazycodeboy/react-native-splash-screen,0,0
HTextView,hanks-zyh,5639,814,Java,https://github.com/hanks-zyh/HTextView,0,0
Blurry,wasabeef,5631,606,Java,https://github.com/wasabeef/Blurry,0,0
AndroidImageSlider,daimajia,5624,1654,Java,https://github.com/daimajia/AndroidImageSlider,0,0
JSqlParser,JSQLParser,5609,1374,Java,https://github.com/JSQLParser/JSqlParser,0,0
FlowLayout,hongyangAndroid,5595,1166,Java,https://github.com/hongyangAndroid/FlowLayout,0,0
ShowcaseView,amlcurran,5590,1285,Java,https://github.com/amlcurran/ShowcaseView,0,0
lamp-cloud,dromara,5581,1749,Java,https://github.com/dromara/lamp-cloud,0,0
AppManager,MuntashirAkon,5566,313,Java,https://github.com/MuntashirAkon/AppManager,0,0
Android-ZBLibrary,TommyLemon,5561,1378,Java,https://github.com/TommyLemon/Android-ZBLibrary,0,0
MusicBot,jagrosh,5557,2657,Java,https://github.com/jagrosh/MusicBot,0,0
disconf,knightliao,5553,2284,Java,https://github.com/knightliao/disconf,0,0
ListViewAnimations,nhaarman,5550,1644,Java,https://github.com/nhaarman/ListViewAnimations,0,0
lettuce,redis,5533,1009,Java,https://github.com/redis/lettuce,0,0
EdXposed,ElderDrivers,5525,633,Java,https://github.com/ElderDrivers/EdXposed,0,0
spring-boot-projects,ZHENFENG13,5522,1615,Java,https://github.com/ZHENFENG13/spring-boot-projects,0,0
logisim-evolution,logisim-evolution,5519,698,Java,https://github.com/logisim-evolution/logisim-evolution,0,0
uid-generator,baidu,5509,1563,Java,https://github.com/baidu/uid-generator,0,0
AmazeFileManager,TeamAmaze,5502,1599,Java,https://github.com/TeamAmaze/AmazeFileManager,0,0
StickyListHeaders,emilsjolander,5501,1513,Java,https://github.com/emilsjolander/StickyListHeaders,0,0
mosby,sockeqwe,5480,842,Java,https://github.com/sockeqwe/mosby,0,0
freeline,alibaba,5472,621,Java,https://github.com/alibaba/freeline,0,0
MagicCamera,wuhaoyu1990,5472,1625,Java,https://github.com/wuhaoyu1990/MagicCamera,0,0
AndroidVideoCache,danikula,5459,1169,Java,https://github.com/danikula/AndroidVideoCache,0,0
barcodescanner,dm77,5453,1432,Java,https://github.com/dm77/barcodescanner,0,0
scribejava,scribejava,5452,1672,Java,https://github.com/scribejava/scribejava,0,0
janusgraph,JanusGraph,5449,1187,Java,https://github.com/JanusGraph/janusgraph,0,0
TapTargetView,KeepSafe,5425,594,Java,https://github.com/KeepSafe/TapTargetView,0,0
rebound,facebookarchive,5422,813,Java,https://github.com/facebookarchive/rebound,0,0
linuxdeploy,meefik,5413,691,Java,https://github.com/meefik/linuxdeploy,0,0
wechat,motianhuo,5411,2415,Java,https://github.com/motianhuo/wechat,0,0
dubbo-spring-boot-project,apache,5410,1876,Java,https://github.com/apache/dubbo-spring-boot-project,0,0
jeepay,jeequan,5410,1828,Java,https://github.com/jeequan/jeepay,0,0
FastBle,Jasonchenlijian,5382,1238,Java,https://github.com/Jasonchenlijian/FastBle,0,0
android-job,Evernote,5370,558,Java,https://github.com/Evernote/android-job,0,0
socket.io-client-java,socketio,5368,980,Java,https://github.com/socketio/socket.io-client-java,0,0
SystemBarTint,jgilfelt,5360,1431,Java,https://github.com/jgilfelt/SystemBarTint,0,0
cw-omnibus,commonsguy,5352,3770,Java,https://github.com/commonsguy/cw-omnibus,0,0
shimmer-android,facebookarchive,5342,697,Java,https://github.com/facebookarchive/shimmer-android,0,0
XRecyclerView,XRecyclerView,5334,1257,Java,https://github.com/XRecyclerView/XRecyclerView,0,0
android-advancedrecyclerview,h6ah4i,5326,857,Java,https://github.com/h6ah4i/android-advancedrecyclerview,0,0
hbase,apache,5309,3342,Java,https://github.com/apache/hbase,0,0
generator,mybatis,5300,2504,Java,https://github.com/mybatis/generator,0,0
jetcache,alibaba,5298,1066,Java,https://github.com/alibaba/jetcache,0,0
gradle-retrolambda,evant,5291,446,Java,https://github.com/evant/gradle-retrolambda,0,0
spring-data-examples,spring-projects,5279,3415,Java,https://github.com/spring-projects/spring-data-examples,0,0
android-lifecycle,xxv,5274,677,Java,https://github.com/xxv/android-lifecycle,0,0
VitamioBundle,yixia,5272,2066,Java,https://github.com/yixia/VitamioBundle,0,0
groovy,apache,5265,1899,Java,https://github.com/apache/groovy,0,0
google-authenticator,google,5259,973,Java,https://github.com/google/google-authenticator,0,0
Android-Touch-Helper,zfdang,5250,509,Java,https://github.com/zfdang/Android-Touch-Helper,0,0
Side-Menu.Android,Yalantis,5246,1503,Java,https://github.com/Yalantis/Side-Menu.Android,0,0
titan,thinkaurelius,5242,1009,Java,https://github.com/thinkaurelius/titan,0,0
thumbnailator,coobird,5238,797,Java,https://github.com/coobird/thumbnailator,0,0
twoway-view,lucasr,5230,1020,Java,https://github.com/lucasr/twoway-view,0,0
Pixiv-Shaft,CeuiLiSA,5224,195,Java,https://github.com/CeuiLiSA/Pixiv-Shaft,0,0
Dexter,Karumi,5224,669,Java,https://github.com/Karumi/Dexter,0,0
FloatingActionButton,Clans,5215,1128,Java,https://github.com/Clans/FloatingActionButton,0,0
okdownload,lingochamp,5215,780,Java,https://github.com/lingochamp/okdownload,0,0
BasePopup,razerdp,5214,760,Java,https://github.com/razerdp/BasePopup,0,0
springboot-guide,CodingDocs,5211,1405,Java,https://github.com/CodingDocs/springboot-guide,0,0
novel,201206030,5211,1389,Java,https://github.com/201206030/novel,0,0
web3j,LFDT-web3j,5198,1712,Java,https://github.com/LFDT-web3j/web3j,0,0
smartTable,huangyanbin,5186,866,Java,https://github.com/huangyanbin/smartTable,0,0
nifi,apache,5184,2776,Java,https://github.com/apache/nifi,0,0
library,ddd-by-examples,5179,750,Java,https://github.com/ddd-by-examples/library,0,0
JS-Sorting-Algorithm,hustcc,5171,1149,Java,https://github.com/hustcc/JS-Sorting-Algorithm,0,0
otto,square,5153,845,Java,https://github.com/square/otto,0,0
strimzi-kafka-operator,strimzi,5152,1346,Java,https://github.com/strimzi/strimzi-kafka-operator,0,0
ctci,careercup,5146,2312,Java,https://github.com/careercup/ctci,0,0
DKVideoPlayer,Doikki,5135,1051,Java,https://github.com/Doikki/DKVideoPlayer,0,0
views-widgets-samples,android,5110,3004,Java,https://github.com/android/views-widgets-samples,0,0
dddsample-core,citerus,5103,1496,Java,https://github.com/citerus/dddsample-core,0,0
shattered-pixel-dungeon,00-Evan,5087,1201,Java,https://github.com/00-Evan/shattered-pixel-dungeon,0,0
usb-serial-for-android,mik3y,5080,1620,Java,https://github.com/mik3y/usb-serial-for-android,0,0
keepass2android,PhilippC,5072,402,Java,https://github.com/PhilippC/keepass2android,0,0
bitcoinj,bitcoinj,5064,2507,Java,https://github.com/bitcoinj/bitcoinj,0,0
reactor-core,reactor,5059,1223,Java,https://github.com/reactor/reactor-core,0,0
Small,wequick,5053,1107,Java,https://github.com/wequick/Small,0,0
picocli,remkop,5047,434,Java,https://github.com/remkop/picocli,0,0
Luyten,deathmarine,5037,1003,Java,https://github.com/deathmarine/Luyten,0,0
sodium,CaffeineMC,5034,834,Java,https://github.com/CaffeineMC/sodium,0,0
opentsdb,OpenTSDB,5028,1244,Java,https://github.com/OpenTSDB/opentsdb,0,0
CameraView,natario1,5021,952,Java,https://github.com/natario1/CameraView,0,0
MifareClassicTool,ikarus23,5015,934,Java,https://github.com/ikarus23/MifareClassicTool,0,0
android-common,Trinea,5014,2638,Java,https://github.com/Trinea/android-common,0,0
YCSB,brianfrankcooper,5014,2270,Java,https://github.com/brianfrankcooper/YCSB,0,0
pmd,pmd,5013,1508,Java,https://github.com/pmd/pmd,0,0
sofa-boot,sofastack,5013,1266,Java,https://github.com/sofastack/sofa-boot,0,0
android-zxingLibrary,yipianfengye,5012,1042,Java,https://github.com/yipianfengye/android-zxingLibrary,0,0
easy-rules,j-easy,5011,1081,Java,https://github.com/j-easy/easy-rules,0,0
GravitySnapHelper,rubensousa,5005,617,Java,https://github.com/rubensousa/GravitySnapHelper,0,0
shopping-management-system,zhanglei-workspace,4998,2249,Java,https://github.com/zhanglei-workspace/shopping-management-system,0,0
UltraViewPager,alibaba,4997,681,Java,https://github.com/alibaba/UltraViewPager,0,0
dialogplus,orhanobut,4994,791,Java,https://github.com/orhanobut/dialogplus,0,0
QLExpress,alibaba,4987,1167,Java,https://github.com/alibaba/QLExpress,0,0
TelegramBots,rubenlagus,4985,1266,Java,https://github.com/rubenlagus/TelegramBots,0,0
LayoutManagerGroup,DingMouRen,4985,679,Java,https://github.com/DingMouRen/LayoutManagerGroup,0,0
joda-time,JodaOrg,4984,985,Java,https://github.com/JodaOrg/joda-time,0,0
spring-mvc-showcase,spring-attic,4983,3691,Java,https://github.com/spring-attic/spring-mvc-showcase,0,0
JustTrustMe,Fuzion24,4983,810,Java,https://github.com/Fuzion24/JustTrustMe,0,0
InstaMaterial,frogermcs,4980,1439,Java,https://github.com/frogermcs/InstaMaterial,0,0
midjourney-proxy,novicezk,4979,2413,Java,https://github.com/novicezk/midjourney-proxy,0,0
XUI,xuexiangjys,4978,851,Java,https://github.com/xuexiangjys/XUI,0,0
lwjgl3,LWJGL,4973,650,Java,https://github.com/LWJGL/lwjgl3,0,0
CloudReader,youlookwhat,4964,1331,Java,https://github.com/youlookwhat/CloudReader,0,0
mapdb,jankotek,4957,880,Java,https://github.com/jankotek/mapdb,0,0
liquibase,liquibase,4956,1890,Java,https://github.com/liquibase/liquibase,0,0
spring-authorization-server,spring-projects,4954,1323,Java,https://github.com/spring-projects/spring-authorization-server,0,0
RxJava2-Android-Samples,amitshekhariitbhu,4950,1065,Java,https://github.com/amitshekhariitbhu/RxJava2-Android-Samples,0,0
NavigationTabBar,Devlight,4948,874,Java,https://github.com/Devlight/NavigationTabBar,0,0
gpmall,2227324689,4948,1882,Java,https://github.com/2227324689/gpmall,0,0
runelite,runelite,4945,5304,Java,https://github.com/runelite/runelite,0,0
OsmAnd,osmandapp,4943,1045,Java,https://github.com/osmandapp/OsmAnd,0,0
megabasterd,tonikelope,4941,609,Java,https://github.com/tonikelope/megabasterd,0,0
xpay,Exrick,4938,1110,Java,https://github.com/Exrick/xpay,0,0
Geyser,GeyserMC,4933,712,Java,https://github.com/GeyserMC/Geyser,0,0
RippleEffect,traex,4921,1078,Java,https://github.com/traex/RippleEffect,0,0
react-native-linear-gradient,react-native-linear-gradient,4915,700,Java,https://github.com/react-native-linear-gradient/react-native-linear-gradient,0,0
folding-cell-android,Ramotion,4902,841,Java,https://github.com/Ramotion/folding-cell-android,0,0
spring-cloud-netflix,spring-cloud,4901,2451,Java,https://github.com/spring-cloud/spring-cloud-netflix,0,0
ignite,apache,4897,1912,Java,https://github.com/apache/ignite,0,0
Android-IMSI-Catcher-Detector,CellularPrivacy,4897,977,Java,https://github.com/CellularPrivacy/Android-IMSI-Catcher-Detector,0,0
oshi,oshi,4886,895,Java,https://github.com/oshi/oshi,0,0
armeria,line,4884,938,Java,https://github.com/line/armeria,0,0
DesignPattern,youlookwhat,4882,1436,Java,https://github.com/youlookwhat/DesignPattern,0,0
roncoo-pay,roncoo,4880,2577,Java,https://github.com/roncoo/roncoo-pay,0,0
react-native-config,lugg,4876,661,Java,https://github.com/lugg/react-native-config,0,0
wgcloud,tianshiyeben,4866,865,Java,https://github.com/tianshiyeben/wgcloud,0,0
dynamic-datasource,baomidou,4864,1207,Java,https://github.com/baomidou/dynamic-datasource,0,0
sensitive-word,houbb,4863,663,Java,https://github.com/houbb/sensitive-word,0,0
QAuxiliary,cinit,4844,350,Java,https://github.com/cinit/QAuxiliary,0,0
typespec,microsoft,4844,257,Java,https://github.com/microsoft/typespec,0,0
cglib,cglib,4841,891,Java,https://github.com/cglib/cglib,0,0
bisq,bisq-network,4836,1276,Java,https://github.com/bisq-network/bisq,0,0
reactive-streams-jvm,reactive-streams,4833,534,Java,https://github.com/reactive-streams/reactive-streams-jvm,0,0
querydsl,querydsl,4833,880,Java,https://github.com/querydsl/querydsl,0,0
java-faker,DiUS,4831,862,Java,https://github.com/DiUS/java-faker,0,0
WukongCRM-11.0-JAVA,WuKongOpenSource,4830,735,Java,https://github.com/WuKongOpenSource/WukongCRM-11.0-JAVA,0,0
packer-ng-plugin,mcxiaoke,4823,864,Java,https://github.com/mcxiaoke/packer-ng-plugin,0,0
Transitions-Everywhere,andkulikov,4815,488,Java,https://github.com/andkulikov/Transitions-Everywhere,0,0
lucida,claritylab,4806,879,Java,https://github.com/claritylab/lucida,0,0
openai-java,TheoKanning,4798,1222,Java,https://github.com/TheoKanning/openai-java,0,0
killbill,killbill,4786,810,Java,https://github.com/killbill/killbill,0,0
orientdb,orientechnologies,4785,875,Java,https://github.com/orientechnologies/orientdb,0,0
jpexs-decompiler,jindrapetrik,4783,674,Java,https://github.com/jindrapetrik/jpexs-decompiler,0,0
Android-ConvenientBanner,saiwu-bigkoo,4770,1051,Java,https://github.com/saiwu-bigkoo/Android-ConvenientBanner,0,0
aviatorscript,killme2008,4769,870,Java,https://github.com/killme2008/aviatorscript,0,0
rstudio,rstudio,4766,1111,Java,https://github.com/rstudio/rstudio,0,0
calcite,apache,4764,2395,Java,https://github.com/apache/calcite,0,0
spotless,diffplug,4764,465,Java,https://github.com/diffplug/spotless,0,0
react-native-webrtc,react-native-webrtc,4761,1256,Java,https://github.com/react-native-webrtc/react-native-webrtc,0,0
AndroidStaggeredGrid,etsy,4749,1122,Java,https://github.com/etsy/AndroidStaggeredGrid,0,0
Digital,hneemann,4747,481,Java,https://github.com/hneemann/Digital,0,0
Suwayomi-Server,Suwayomi,4745,227,Java,https://github.com/Suwayomi/Suwayomi-Server,0,0
cameraview,google,4743,1026,Java,https://github.com/google/cameraview,0,0
small-spring,fuzhengwei,4741,1403,Java,https://github.com/fuzhengwei/small-spring,0,0
reflections,ronmamo,4736,706,Java,https://github.com/ronmamo/reflections,0,0
android-tips-tricks,nisrulz,4735,576,Java,https://github.com/nisrulz/android-tips-tricks,0,0
SwitchButton,kyleduo,4731,867,Java,https://github.com/kyleduo/SwitchButton,0,0
mybatis,tuguangquan,4724,2373,Java,https://github.com/tuguangquan/mybatis,0,0
spring-boot-best-practice,javastacks,4721,1296,Java,https://github.com/javastacks/spring-boot-best-practice,0,0
baseAdapter,hongyangAndroid,4721,1195,Java,https://github.com/hongyangAndroid/baseAdapter,0,0
Spring-Boot-In-Action,hansonwang99,4705,1495,Java,https://github.com/hansonwang99/Spring-Boot-In-Action,0,0
chuck,jgilfelt,4700,456,Java,https://github.com/jgilfelt/chuck,0,0
spring-security-oauth,spring-attic,4694,4027,Java,https://github.com/spring-attic/spring-security-oauth,0,0
mockserver,mock-server,4692,1086,Java,https://github.com/mock-server/mockserver,0,0
ActiveAndroid,pardom-zz,4690,1033,Java,https://github.com/pardom-zz/ActiveAndroid,0,0
FirebaseUI-Android,firebase,4667,1843,Java,https://github.com/firebase/FirebaseUI-Android,0,0
MaterialDateTimePicker,wdullaer,4666,944,Java,https://github.com/wdullaer/MaterialDateTimePicker,0,0
automq,AutoMQ,4650,304,Java,https://github.com/AutoMQ/automq,0,0
cardslib,gabrielemariotti,4650,1189,Java,https://github.com/gabrielemariotti/cardslib,0,0
PageIndicatorView,romandanylyk,4640,565,Java,https://github.com/romandanylyk/PageIndicatorView,0,0
microservices-platform,zlt2000,4637,1690,Java,https://github.com/zlt2000/microservices-platform,0,0
blog_demos,zq2599,4636,1877,Java,https://github.com/zq2599/blog_demos,0,0
esProc,SPLWare,4629,343,Java,https://github.com/SPLWare/esProc,0,0
spring-cloud-gateway,spring-cloud,4614,3367,Java,https://github.com/spring-cloud/spring-cloud-gateway,0,0
libsvm,cjlin1,4612,1635,Java,https://github.com/cjlin1/libsvm,0,0
JAViewer,SplashCodes,4611,696,Java,https://github.com/SplashCodes/JAViewer,0,0
SpringBoot-Shiro-Vue,Heeexy,4603,1786,Java,https://github.com/Heeexy/SpringBoot-Shiro-Vue,0,0
ribbon,Netflix,4596,1248,Java,https://github.com/Netflix/ribbon,0,0
rocketmq-externals,apache,4590,3067,Java,https://github.com/apache/rocketmq-externals,0,0
JSON-java,stleary,4589,2569,Java,https://github.com/stleary/JSON-java,0,0
poi-tl,Sayi,4583,1056,Java,https://github.com/Sayi/poi-tl,0,0
crawler4j,yasserg,4581,1926,Java,https://github.com/yasserg/crawler4j,0,0
SimplifyReader,chentao0707,4576,1605,Java,https://github.com/chentao0707/SimplifyReader,0,0
ForestBlog,saysky,4569,1645,Java,https://github.com/saysky/ForestBlog,0,0
quasar,puniverse,4568,574,Java,https://github.com/puniverse/quasar,0,0
db-tutorial,dunwu,4566,587,Java,https://github.com/dunwu/db-tutorial,0,0
micrometer,micrometer-metrics,4566,1013,Java,https://github.com/micrometer-metrics/micrometer,0,0
JGrowing,javagrowing,4564,935,Java,https://github.com/javagrowing/JGrowing,0,0
javacpp,bytedeco,4562,591,Java,https://github.com/bytedeco/javacpp,0,0
Depth-LIB-Android-,danielzeller,4557,591,Java,https://github.com/danielzeller/Depth-LIB-Android-,0,0
sqlbrite,square,4556,417,Java,https://github.com/square/sqlbrite,0,0
Douya,zhanghai,4556,1143,Java,https://github.com/zhanghai/Douya,0,0
go-lang-idea-plugin,go-lang-plugin-org,4555,570,Java,https://github.com/go-lang-plugin-org/go-lang-idea-plugin,0,0
maven,apache,4544,2722,Java,https://github.com/apache/maven,0,0
android-crop,jdamcd,4541,1075,Java,https://github.com/jdamcd/android-crop,0,0
--,981011512,4530,2246,Java,https://github.com/981011512/--,0,0
concurrent,RedSpider1,4528,610,Java,https://github.com/RedSpider1/concurrent,0,0
dexposed,alibaba,4524,1070,Java,https://github.com/alibaba/dexposed,0,0
Infinity-For-Reddit,Docile-Alligator,4523,422,Java,https://github.com/Docile-Alligator/Infinity-For-Reddit,0,0
bottomsheet,Flipboard,4521,595,Java,https://github.com/Flipboard/bottomsheet,0,0
GCViewer,chewiebug,4517,984,Java,https://github.com/chewiebug/GCViewer,0,0
simplify,CalebFenton,4517,444,Java,https://github.com/CalebFenton/simplify,0,0
SmoothProgressBar,castorflex,4513,1004,Java,https://github.com/castorflex/SmoothProgressBar,0,0
android,nextcloud,4504,1812,Java,https://github.com/nextcloud/android,0,0
AndroidHttpCapture,JZ-Darkal,4494,859,Java,https://github.com/JZ-Darkal/AndroidHttpCapture,0,0
allure2,allure-framework,4491,730,Java,https://github.com/allure-framework/allure2,0,0
bilibili-android-client,HotBitmapGG,4491,1481,Java,https://github.com/HotBitmapGG/bilibili-android-client,0,0
azkaban,azkaban,4490,1587,Java,https://github.com/azkaban/azkaban,0,0
java-algorithms-implementation,phishman3579,4486,1858,Java,https://github.com/phishman3579/java-algorithms-implementation,0,0
NineOldAndroids,JakeWharton,4480,1536,Java,https://github.com/JakeWharton/NineOldAndroids,0,0
objectbox-java,objectbox,4480,309,Java,https://github.com/objectbox/objectbox-java,0,0
opengrok,oracle,4475,766,Java,https://github.com/oracle/opengrok,0,0
AndroidTutorialForBeginners,hussien89aa,4471,6094,Java,https://github.com/hussien89aa/AndroidTutorialForBeginners,0,0
epic,tiann,4462,813,Java,https://github.com/tiann/epic,0,0
android-mvp-architecture,janishar,4444,1244,Java,https://github.com/janishar/android-mvp-architecture,0,0
JDA,discord-jda,4440,744,Java,https://github.com/discord-jda/JDA,0,0
Robust,Meituan-Dianping,4438,808,Java,https://github.com/Meituan-Dianping/Robust,0,0
android-times-square,square,4438,1185,Java,https://github.com/square/android-times-square,0,0
GT,Tencent,4407,1033,Java,https://github.com/Tencent/GT,0,0
DeepLinkDispatch,airbnb,4396,407,Java,https://github.com/airbnb/DeepLinkDispatch,0,0
moco,dreamhead,4392,1089,Java,https://github.com/dreamhead/moco,0,0
Ant-Media-Server,ant-media,4391,654,Java,https://github.com/ant-media/Ant-Media-Server,0,0
djl,deepjavalibrary,4389,693,Java,https://github.com/deepjavalibrary/djl,0,0
ticker,robinhood,4386,464,Java,https://github.com/robinhood/ticker,0,0
WePush,rememberber,4384,992,Java,https://github.com/rememberber/WePush,0,0
ipscan,angryip,4367,743,Java,https://github.com/angryip/ipscan,0,0
BottomNavigation,Ashok-Varma,4367,686,Java,https://github.com/Ashok-Varma/BottomNavigation,0,0
GDA-android-reversing-Tool,charles2gan,4365,536,Java,https://github.com/charles2gan/GDA-android-reversing-Tool,0,0
shiro,apache,4360,2313,Java,https://github.com/apache/shiro,0,0
leet-code,awangdev,4357,25,Java,https://github.com/awangdev/leet-code,0,0
flink-recommandSystem-demo,water8394,4356,1471,Java,https://github.com/water8394/flink-recommandSystem-demo,0,0
Gadgetbridge,Freeyourgadget,4315,654,Java,https://github.com/Freeyourgadget/Gadgetbridge,0,0
h2database,h2database,4311,1236,Java,https://github.com/h2database/h2database,0,0
BGARefreshLayout-Android,bingoogolapple,4310,1000,Java,https://github.com/bingoogolapple/BGARefreshLayout-Android,0,0
ImagePicker,jeasonlzy,4302,1032,Java,https://github.com/jeasonlzy/ImagePicker,0,0
serve,pytorch,4301,878,Java,https://github.com/pytorch/serve,0,0
jacoco,jacoco,4299,1162,Java,https://github.com/jacoco/jacoco,0,0
android-volley,mcxiaoke,4290,1557,Java,https://github.com/mcxiaoke/android-volley,0,0
spring-ai,spring-projects,4289,1154,Java,https://github.com/spring-projects/spring-ai,0,0
frontend-maven-plugin,eirslett,4285,879,Java,https://github.com/eirslett/frontend-maven-plugin,0,0
coursera-android,aporter,4277,5282,Java,https://github.com/aporter/coursera-android,0,0
IoT-Technical-Guide,IoT-Technology,4270,1075,Java,https://github.com/IoT-Technology/IoT-Technical-Guide,0,0
android-autofittextview,grantland,4269,690,Java,https://github.com/grantland/android-autofittextview,0,0
CircleIndicator,ongakuer,4268,708,Java,https://github.com/ongakuer/CircleIndicator,0,0
java-learning,brianway,4266,1206,Java,https://github.com/brianway/java-learning,0,0
dynamic-tp,dromara,4263,837,Java,https://github.com/dromara/dynamic-tp,0,0
InternetArchitect,bjmashibing,4256,2862,Java,https://github.com/bjmashibing/InternetArchitect,0,0
dragonwell8,dragonwell-project,4254,495,Java,https://github.com/dragonwell-project/dragonwell8,0,0
OpenHub,ThirtyDegreesRay,4251,416,Java,https://github.com/ThirtyDegreesRay/OpenHub,0,0
aurora,linhaojun857,4247,683,Java,https://github.com/linhaojun857/aurora,0,0
flutter-webrtc,flutter-webrtc,4242,1179,Java,https://github.com/flutter-webrtc/flutter-webrtc,0,0
fastexcel,fast-excel,4236,323,Java,https://github.com/fast-excel/fastexcel,0,0
failsafe,failsafe-lib,4236,299,Java,https://github.com/failsafe-lib/failsafe,0,0
MallChat,zongzibinbin,4235,985,Java,https://github.com/zongzibinbin/MallChat,0,0
ShineButton,ChadCSong,4220,547,Java,https://github.com/ChadCSong/ShineButton,0,0
tx-lcn,codingapi,4207,1459,Java,https://github.com/codingapi/tx-lcn,0,0
crate,crate,4198,575,Java,https://github.com/crate/crate,0,0
CoordinatorTabLayout,hugeterry,4193,584,Java,https://github.com/hugeterry/CoordinatorTabLayout,0,0
jitsi,jitsi,4191,981,Java,https://github.com/jitsi/jitsi,0,0
FloatWindow,yhaolpz,4191,653,Java,https://github.com/yhaolpz/FloatWindow,0,0
camunda-bpm-platform,camunda,4190,1605,Java,https://github.com/camunda/camunda-bpm-platform,0,0
unidbg,zhkl0228,4190,996,Java,https://github.com/zhkl0228/unidbg,0,0
JKeyboardPanelSwitch,Jacksgong,4187,686,Java,https://github.com/Jacksgong/JKeyboardPanelSwitch,0,0
spring-boot-starter,mybatis,4186,1795,Java,https://github.com/mybatis/spring-boot-starter,0,0
powermock,powermock,4180,588,Java,https://github.com/powermock/powermock,0,0
campus-imaotai,oddfar,4177,1362,Java,https://github.com/oddfar/campus-imaotai,0,0
BGABanner-Android,bingoogolapple,4173,782,Java,https://github.com/bingoogolapple/BGABanner-Android,0,0
open-location-code,google,4170,491,Java,https://github.com/google/open-location-code,0,0
javassist,jboss-javassist,4169,710,Java,https://github.com/jboss-javassist/javassist,0,0
zotfile,jlegewie,4148,289,Java,https://github.com/jlegewie/zotfile,0,0
aws-sdk-java,aws,4147,2819,Java,https://github.com/aws/aws-sdk-java,0,0
AndroidWiFiADB,pedrovgs,4146,479,Java,https://github.com/pedrovgs/AndroidWiFiADB,0,0
markor,gsantner,4143,385,Java,https://github.com/gsantner/markor,0,0
malmo,microsoft,4136,602,Java,https://github.com/microsoft/malmo,0,0
hmily,dromara,4123,1404,Java,https://github.com/dromara/hmily,0,0
guide-rpc-framework,Snailclimb,4121,2117,Java,https://github.com/Snailclimb/guide-rpc-framework,0,0
Tangram-Android,alibaba,4114,525,Java,https://github.com/alibaba/Tangram-Android,0,0
LoadingDrawable,dinuscxj,4111,634,Java,https://github.com/dinuscxj/LoadingDrawable,0,0
maxwell,zendesk,4098,1019,Java,https://github.com/zendesk/maxwell,0,0
ExpandableTextView,Manabu-GT,4089,791,Java,https://github.com/Manabu-GT/ExpandableTextView,0,0
tiny-spring,code4craft,4071,1819,Java,https://github.com/code4craft/tiny-spring,0,0
java-developer-roadmap,s4kibs4mi,4071,547,Java,https://github.com/s4kibs4mi/java-developer-roadmap,0,0
oblivion,bepass-org,4070,556,Java,https://github.com/bepass-org/oblivion,0,0
dolby_beta,nining377,4070,237,Java,https://github.com/nining377/dolby_beta,0,0
LSPosed_mod,mywalkb,4069,202,Java,https://github.com/mywalkb/LSPosed_mod,0,0
ViewPagerCards,rubensousa,4067,608,Java,https://github.com/rubensousa/ViewPagerCards,0,0
jodd,oblac,4061,724,Java,https://github.com/oblac/jodd,0,0
bistoury,qunarcorp,4059,832,Java,https://github.com/qunarcorp/bistoury,0,0
CC,luckybilly,4050,637,Java,https://github.com/luckybilly/CC,0,0
SmartCropper,pqpo,4046,747,Java,https://github.com/pqpo/SmartCropper,0,0
chunjun,DTStack,4037,1699,Java,https://github.com/DTStack/chunjun,0,0
greys-anatomy,oldmanpushcart,4028,1212,Java,https://github.com/oldmanpushcart/greys-anatomy,0,0
streampark,apache,4020,1025,Java,https://github.com/apache/streampark,0,0
XCL-Charts,xcltapestry,4018,1128,Java,https://github.com/xcltapestry/XCL-Charts,0,0
Telegram-X,TGX-Android,4015,642,Java,https://github.com/TGX-Android/Telegram-X,0,0
dubbo-admin,apache,4014,2158,Java,https://github.com/apache/dubbo-admin,0,0
Bolts-Android,BoltsFramework,4012,518,Java,https://github.com/BoltsFramework/Bolts-Android,0,0
FloatingActionButton,makovkastar,4004,815,Java,https://github.com/makovkastar/FloatingActionButton,0,0
Phoenix,Yalantis,4003,916,Java,https://github.com/Yalantis/Phoenix,0,0
TwinklingRefreshLayout,lcodecorex,4002,670,Java,https://github.com/lcodecorex/TwinklingRefreshLayout,0,0
BigImageViewer,Piasy,3987,405,Java,https://github.com/Piasy/BigImageViewer,0,0
hawk,orhanobut,3985,392,Java,https://github.com/orhanobut/hawk,0,0
geoserver,geoserver,3983,2205,Java,https://github.com/geoserver/geoserver,0,0
fastjson2,alibaba,3980,520,Java,https://github.com/alibaba/fastjson2,0,0
BadgeView,qstumn,3979,541,Java,https://github.com/qstumn/BadgeView,0,0
Aliucord,Aliucord,3958,173,Java,https://github.com/Aliucord/Aliucord,0,0
GuideView,binIoter,3956,654,Java,https://github.com/binIoter/GuideView,0,0
tech-weekly,mercyblitz,3956,711,Java,https://github.com/mercyblitz/tech-weekly,0,0
effective-java-3e-source-code,jbloch,3952,1970,Java,https://github.com/jbloch/effective-java-3e-source-code,0,0
novel-plus,201206030,3950,1358,Java,https://github.com/201206030/novel-plus,0,0
interviewGuide,NotFound9,3945,685,Java,https://github.com/NotFound9/interviewGuide,0,0
RichText,zzhoujay,3941,562,Java,https://github.com/zzhoujay/RichText,0,0
android-iconify,JoanZapata,3937,525,Java,https://github.com/JoanZapata/android-iconify,0,0
RxJavaSamples,rengwuxian,3937,857,Java,https://github.com/rengwuxian/RxJavaSamples,0,0
XChange,knowm,3936,1962,Java,https://github.com/knowm/XChange,0,0
LiveEventBus,JeremyLiao,3929,553,Java,https://github.com/JeremyLiao/LiveEventBus,0,0
XposedInstaller,rovo89,3928,1517,Java,https://github.com/rovo89/XposedInstaller,0,0
jmonkeyengine,jMonkeyEngine,3926,1131,Java,https://github.com/jMonkeyEngine/jmonkeyengine,0,0
DataMiningAlgorithm,linyiqun,3906,1705,Java,https://github.com/linyiqun/DataMiningAlgorithm,0,0
Conductor,bluelinelabs,3902,343,Java,https://github.com/bluelinelabs/Conductor,0,0
jetty.project,jetty,3900,1939,Java,https://github.com/jetty/jetty.project,0,0
jstorm,alibaba,3900,1797,Java,https://github.com/alibaba/jstorm,0,0
learning-spark,databricks,3890,2421,Java,https://github.com/databricks/learning-spark,0,0
Leetcode,fishercoder1534,3885,1296,Java,https://github.com/fishercoder1534/Leetcode,0,0
awaitility,awaitility,3884,247,Java,https://github.com/awaitility/awaitility,0,0
grobid,kermitt2,3881,472,Java,https://github.com/kermitt2/grobid,0,0
BackgroundLibrary,JavaNoober,3874,470,Java,https://github.com/JavaNoober/BackgroundLibrary,0,0
sofa-rpc,sofastack,3863,1184,Java,https://github.com/sofastack/sofa-rpc,0,0
xboot,Exrick,3862,1305,Java,https://github.com/Exrick/xboot,0,0
screw,pingfangushi,3862,708,Java,https://github.com/pingfangushi/screw,0,0
Launcher3,amirzaidi,3862,648,Java,https://github.com/amirzaidi/Launcher3,0,0
bitcoin-wallet,bitcoin-wallet,3861,2129,Java,https://github.com/bitcoin-wallet/bitcoin-wallet,0,0
TinyPinyin,promeG,3858,484,Java,https://github.com/promeG/TinyPinyin,0,0
Timeline-View,vipulasri,3854,645,Java,https://github.com/vipulasri/Timeline-View,0,0
IDDD_Samples,VaughnVernon,3842,914,Java,https://github.com/VaughnVernon/IDDD_Samples,0,0
java-tron,tronprotocol,3837,1446,Java,https://github.com/tronprotocol/java-tron,0,0
ahbottomnavigation,aurelhubert,3835,686,Java,https://github.com/aurelhubert/ahbottomnavigation,0,0
MaterialSearchView,MiguelCatalan,3830,619,Java,https://github.com/MiguelCatalan/MaterialSearchView,0,0
DSBridge-Android,wendux,3825,624,Java,https://github.com/wendux/DSBridge-Android,0,0
ripme,RipMeApp,3822,630,Java,https://github.com/RipMeApp/ripme,0,0
CircleProgress,uknownothingsnow,3818,924,Java,https://github.com/uknownothingsnow/CircleProgress,0,0
leetcode-editor,shuzijun,3815,409,Java,https://github.com/shuzijun/leetcode-editor,0,0
jabref,JabRef,3804,2735,Java,https://github.com/JabRef/jabref,0,0
ShedLock,lukas-krecan,3802,535,Java,https://github.com/lukas-krecan/ShedLock,0,0
PeerBanHelper,PBH-BTN,3798,100,Java,https://github.com/PBH-BTN/PeerBanHelper,0,0
syncthing-android,syncthing,3793,451,Java,https://github.com/syncthing/syncthing-android,0,0
MarqueeView,sunfusheng,3782,674,Java,https://github.com/sunfusheng/MarqueeView,0,0
OpenPDF,LibrePDF,3778,631,Java,https://github.com/LibrePDF/OpenPDF,0,0
SuperTextView,lygttpod,3773,591,Java,https://github.com/lygttpod/SuperTextView,0,0
AndServer,yanzhenjie,3772,768,Java,https://github.com/yanzhenjie/AndServer,0,0
mpush,mpusher,3768,1457,Java,https://github.com/mpusher/mpush,0,0
roboguice,roboguice,3758,824,Java,https://github.com/roboguice/roboguice,0,0
My-Blog,ZHENFENG13,3756,999,Java,https://github.com/ZHENFENG13/My-Blog,0,0
andOTP,andOTP,3755,366,Java,https://github.com/andOTP/andOTP,0,0
lilishop,lilishop,3752,956,Java,https://github.com/lilishop/lilishop,0,0
CustomActivityOnCrash,Ereza,3749,543,Java,https://github.com/Ereza/CustomActivityOnCrash,0,0
react-native-share,react-native-share,3747,965,Java,https://github.com/react-native-share/react-native-share,0,0
SwipeDelMenuLayout,mcxtzhang,3744,641,Java,https://github.com/mcxtzhang/SwipeDelMenuLayout,0,0
sticky-headers-recyclerview,timehop,3744,754,Java,https://github.com/timehop/sticky-headers-recyclerview,0,0
blurkit-android,CameraKit,3744,312,Java,https://github.com/CameraKit/blurkit-android,0,0
mlkit,googlesamples,3735,2976,Java,https://github.com/googlesamples/mlkit,0,0
spruce-android,willowtreeapps,3720,366,Java,https://github.com/willowtreeapps/spruce-android,0,0
NullAway,uber,3712,301,Java,https://github.com/uber/NullAway,0,0
Terasology,MovingBlocks,3712,1344,Java,https://github.com/MovingBlocks/Terasology,0,0
java,kubernetes-client,3711,1969,Java,https://github.com/kubernetes-client/java,0,0
NoHttp,yanzhenjie,3707,852,Java,https://github.com/yanzhenjie/NoHttp,0,0
ChatKit,stfalcon-studio,3707,833,Java,https://github.com/stfalcon-studio/ChatKit,0,0
atmosphere,Atmosphere,3707,757,Java,https://github.com/Atmosphere/atmosphere,0,0
StylishMusicPlayer,ryanhoo,3704,768,Java,https://github.com/ryanhoo/StylishMusicPlayer,0,0
Skeleton,ethanhua,3697,456,Java,https://github.com/ethanhua/Skeleton,0,0
ByteLegend,ByteLegend,3694,144,Java,https://github.com/ByteLegend/ByteLegend,0,0
Play-with-Algorithms,liuyubobobo,3685,1464,Java,https://github.com/liuyubobobo/Play-with-Algorithms,0,0
ASimpleCache,yangfuhai,3684,1241,Java,https://github.com/yangfuhai/ASimpleCache,0,0
BannerViewPager,zhpanvip,3684,447,Java,https://github.com/zhpanvip/BannerViewPager,0,0
kylin,apache,3683,1530,Java,https://github.com/apache/kylin,0,0
pdfsam,torakiki,3677,357,Java,https://github.com/torakiki/pdfsam,0,0
rejoiner,google,3667,139,Java,https://github.com/google/rejoiner,0,0
shopizer,shopizer-ecommerce,3667,3079,Java,https://github.com/shopizer-ecommerce/shopizer,0,0
sofa-jraft,sofastack,3666,1163,Java,https://github.com/sofastack/sofa-jraft,0,0
bundletool,google,3665,394,Java,https://github.com/google/bundletool,0,0
groupie,lisawray,3665,295,Java,https://github.com/lisawray/groupie,0,0
pixel-dungeon,watabou,3663,1218,Java,https://github.com/watabou/pixel-dungeon,0,0
databus,linkedin,3659,738,Java,https://github.com/linkedin/databus,0,0
Linkage-RecyclerView,KunMinX,3653,462,Java,https://github.com/KunMinX/Linkage-RecyclerView,0,0
android-common,litesuits,3647,1087,Java,https://github.com/litesuits/android-common,0,0
FlatLaf,JFormDesigner,3640,286,Java,https://github.com/JFormDesigner/FlatLaf,0,0
light-4j,networknt,3637,636,Java,https://github.com/networknt/light-4j,0,0
RoaringBitmap,RoaringBitmap,3635,566,Java,https://github.com/RoaringBitmap/RoaringBitmap,0,0
JCTools,JCTools,3631,570,Java,https://github.com/JCTools/JCTools,0,0
chatgpt-java,PlexPt,3631,713,Java,https://github.com/PlexPt/chatgpt-java,0,0
undertow,undertow-io,3629,1011,Java,https://github.com/undertow-io/undertow,0,0
incubator-heron,apache,3628,593,Java,https://github.com/apache/incubator-heron,0,0
Android-BluetoothKit,dingjikerbo,3626,747,Java,https://github.com/dingjikerbo/Android-BluetoothKit,0,0
BlurView,Dimezis,3625,348,Java,https://github.com/Dimezis/BlurView,0,0
tablesaw,jtablesaw,3610,648,Java,https://github.com/jtablesaw/tablesaw,0,0
emojicon,rockerhieu,3610,817,Java,https://github.com/rockerhieu/emojicon,0,0
helidon,helidon-io,3603,567,Java,https://github.com/helidon-io/helidon,0,0
spotbugs,spotbugs,3601,612,Java,https://github.com/spotbugs/spotbugs,0,0
fernflower,fesh0r,3596,676,Java,https://github.com/fesh0r/fernflower,0,0
ExplosionField,tyrantgit,3596,575,Java,https://github.com/tyrantgit/ExplosionField,0,0
Alink,alibaba,3595,801,Java,https://github.com/alibaba/Alink,0,0
grpc-spring,grpc-ecosystem,3593,847,Java,https://github.com/grpc-ecosystem/grpc-spring,0,0
cyberduck,iterate-ch,3592,301,Java,https://github.com/iterate-ch/cyberduck,0,0
DropDownMenu,dongjunkun,3590,786,Java,https://github.com/dongjunkun/DropDownMenu,0,0
NewbieGuide,huburt-Hu,3588,522,Java,https://github.com/huburt-Hu/NewbieGuide,0,0
android-stackblur,kikoso,3582,646,Java,https://github.com/kikoso/android-stackblur,0,0
JavaSourceCodeLearning,coderbruis,3579,598,Java,https://github.com/coderbruis/JavaSourceCodeLearning,0,0
data-transfer-project,dtinit,3577,481,Java,https://github.com/dtinit/data-transfer-project,0,0
spock,spockframework,3574,472,Java,https://github.com/spockframework/spock,0,0
android-maps-utils,googlemaps,3568,1536,Java,https://github.com/googlemaps/android-maps-utils,0,0
ShadowLayout,lihangleo2,3567,407,Java,https://github.com/lihangleo2/ShadowLayout,0,0
FlexibleAdapter,davideas,3566,554,Java,https://github.com/davideas/FlexibleAdapter,0,0
ThreeTenABP,JakeWharton,3563,134,Java,https://github.com/JakeWharton/ThreeTenABP,0,0
jackson-databind,FasterXML,3563,1406,Java,https://github.com/FasterXML/jackson-databind,0,0
vertx-examples,vert-x3,3560,2084,Java,https://github.com/vert-x3/vertx-examples,0,0
AppUpdate,WVector,3559,745,Java,https://github.com/WVector/AppUpdate,0,0
netty-learning,code4craft,3553,1191,Java,https://github.com/code4craft/netty-learning,0,0
hackpad,dropbox,3551,527,Java,https://github.com/dropbox/hackpad,0,0
parceler,johncarl81,3548,272,Java,https://github.com/johncarl81/parceler,0,0
MagicaSakura,bilibili,3548,465,Java,https://github.com/bilibili/MagicaSakura,0,0
Android,hmkcode,3545,3411,Java,https://github.com/hmkcode/Android,0,0
floatingsearchview,arimorty,3540,667,Java,https://github.com/arimorty/floatingsearchview,0,0
AndroRAT,karma9874,3540,1094,Java,https://github.com/karma9874/AndroRAT,0,0
retrolambda,luontola,3539,225,Java,https://github.com/luontola/retrolambda,0,0
learning-note,rbmonster,3536,658,Java,https://github.com/rbmonster/learning-note,0,0
mcaselector,Querz,3530,184,Java,https://github.com/Querz/mcaselector,0,0
camunda,camunda,3527,643,Java,https://github.com/camunda/camunda,0,0
ftgo-application,microservices-patterns,3524,1359,Java,https://github.com/microservices-patterns/ftgo-application,0,0
Store,nytimes,3522,305,Java,https://github.com/nytimes/Store,0,0
initializr,spring-io,3522,1753,Java,https://github.com/spring-io/initializr,0,0
RecyclerViewPager,lsjwzh,3520,665,Java,https://github.com/lsjwzh/RecyclerViewPager,0,0
Music-Player,andremion,3516,700,Java,https://github.com/andremion/Music-Player,0,0
brigadier,Mojang,3514,401,Java,https://github.com/Mojang/brigadier,0,0
yacy_search_server,yacy,3511,446,Java,https://github.com/yacy/yacy_search_server,0,0
SwipeMenuListView,baoyongzhang,3506,1259,Java,https://github.com/baoyongzhang/SwipeMenuListView,0,0
akhq,tchiotludo,3504,681,Java,https://github.com/tchiotludo/akhq,0,0
FairEmail,M66B,3502,654,Java,https://github.com/M66B/FairEmail,0,0
libstreaming,fyhertz,3501,1079,Java,https://github.com/fyhertz/libstreaming,0,0
GeekNews,codeestX,3501,822,Java,https://github.com/codeestX/GeekNews,0,0
jshERP,jishenghua,3496,1242,Java,https://github.com/jishenghua/jshERP,0,0
LoadSir,KingJA,3491,505,Java,https://github.com/KingJA/LoadSir,0,0
android-hidden-api,anggrayudi,3491,645,Java,https://github.com/anggrayudi/android-hidden-api,0,0
spring-cloud-kubernetes,spring-cloud,3485,1041,Java,https://github.com/spring-cloud/spring-cloud-kubernetes,0,0
kubernetes-client,fabric8io,3483,1476,Java,https://github.com/fabric8io/kubernetes-client,0,0
RxAndroidBle,dariuszseweryn,3482,589,Java,https://github.com/dariuszseweryn/RxAndroidBle,0,0
JavaEETest,lenve,3481,2810,Java,https://github.com/lenve/JavaEETest,0,0
BottomNavigationViewEx,ittianyu,3475,557,Java,https://github.com/ittianyu/BottomNavigationViewEx,0,0
SurveyKing,javahuang,3472,517,Java,https://github.com/javahuang/SurveyKing,0,0
marshalsec,mbechler,3470,682,Java,https://github.com/mbechler/marshalsec,0,0
immutables,immutables,3470,281,Java,https://github.com/immutables/immutables,0,0
PreviewSeekBar,rubensousa,3468,426,Java,https://github.com/rubensousa/PreviewSeekBar,0,0
HaE,gh0stkey,3464,258,Java,https://github.com/gh0stkey/HaE,0,0
QNotified,ferredoxin,3444,330,Java,https://github.com/ferredoxin/QNotified,0,0
SSM,crossoverJie,3443,1335,Java,https://github.com/crossoverJie/SSM,0,0
logging-log4j2,apache,3441,1647,Java,https://github.com/apache/logging-log4j2,0,0
migration,phodal,3439,566,Java,https://github.com/phodal/migration,0,0
Android-Week-View,alamkanak,3435,1226,Java,https://github.com/alamkanak/Android-Week-View,0,0
Iris,IrisShaders,3435,659,Java,https://github.com/IrisShaders/Iris,0,0
SeeWeather,xcc3641,3434,722,Java,https://github.com/xcc3641/SeeWeather,0,0
giffun,guolindev,3433,685,Java,https://github.com/guolindev/giffun,0,0
AlgoDS,sherxon,3432,609,Java,https://github.com/sherxon/AlgoDS,0,0
MyPerf4J,LinShunKang,3428,546,Java,https://github.com/LinShunKang/MyPerf4J,0,0
Chronicle-Queue,OpenHFT,3422,540,Java,https://github.com/OpenHFT/Chronicle-Queue,0,0
android,cSploit,3421,1116,Java,https://github.com/cSploit/android,0,0
maestro,Netflix,3419,209,Java,https://github.com/Netflix/maestro,0,0
openhab1-addons,openhab,3418,1679,Java,https://github.com/openhab/openhab1-addons,0,0
signal-cli,AsamK,3409,314,Java,https://github.com/AsamK/signal-cli,0,0
LQRWeChat,GitLqr,3409,1069,Java,https://github.com/GitLqr/LQRWeChat,0,0
chatgpt-java,Grt1228,3405,819,Java,https://github.com/Grt1228/chatgpt-java,0,0
BubbleSeekBar,woxingxiao,3401,519,Java,https://github.com/woxingxiao/BubbleSeekBar,0,0
AxonFramework,AxonFramework,3399,798,Java,https://github.com/AxonFramework/AxonFramework,0,0
android-priority-jobqueue,yigit,3394,393,Java,https://github.com/yigit/android-priority-jobqueue,0,0
springdoc-openapi,springdoc,3388,517,Java,https://github.com/springdoc/springdoc-openapi,0,0
volley,google,3388,754,Java,https://github.com/google/volley,0,0
red5-server,Red5,3385,1005,Java,https://github.com/Red5/red5-server,0,0
blossom,blossom-editor,3381,286,Java,https://github.com/blossom-editor/blossom,0,0
openj9,eclipse-openj9,3379,748,Java,https://github.com/eclipse-openj9/openj9,0,0
http-request,kevinsawicki,3375,844,Java,https://github.com/kevinsawicki/http-request,0,0
android-butterknife-zelezny,avast,3373,411,Java,https://github.com/avast/android-butterknife-zelezny,0,0
AutoDispose,uber,3371,228,Java,https://github.com/uber/AutoDispose,0,0
MyBatis-Spring-Boot,abel533,3369,1584,Java,https://github.com/abel533/MyBatis-Spring-Boot,0,0
incubator-kie-optaplanner,apache,3362,958,Java,https://github.com/apache/incubator-kie-optaplanner,0,0
Java,HelloWorld521,3358,1480,Java,https://github.com/HelloWorld521/Java,0,0
dinky,DataLinkDC,3355,1216,Java,https://github.com/DataLinkDC/dinky,0,0
my-site,WinterChenS,3354,1055,Java,https://github.com/WinterChenS/my-site,0,0
ArchUnit,TNG,3350,307,Java,https://github.com/TNG/ArchUnit,0,0
linkis,apache,3349,1162,Java,https://github.com/apache/linkis,0,0
sndcpy,rom1v,3348,310,Java,https://github.com/rom1v/sndcpy,0,0
ffmpeg-android-java,cropsly,3338,831,Java,https://github.com/cropsly/ffmpeg-android-java,0,0
DDComponentForAndroid,luojilab,3332,570,Java,https://github.com/luojilab/DDComponentForAndroid,0,0
jvm-tools,aragozin,3326,522,Java,https://github.com/aragozin/jvm-tools,0,0
Toaster,getActivity,3326,411,Java,https://github.com/getActivity/Toaster,0,0
ScalingLayout,iammert,3321,317,Java,https://github.com/iammert/ScalingLayout,0,0
archi,ivacf,3320,494,Java,https://github.com/ivacf/archi,0,0
uncle-novel,uncle-novel,3318,508,Java,https://github.com/uncle-novel/uncle-novel,0,0
concurrency-limits,Netflix,3312,312,Java,https://github.com/Netflix/concurrency-limits,0,0
SuperTextView,chenBingX,3308,398,Java,https://github.com/chenBingX/SuperTextView,0,0
PRDownloader,amitshekhariitbhu,3306,540,Java,https://github.com/amitshekhariitbhu/PRDownloader,0,0
HyperCeiler,ReChronoRain,3303,209,Java,https://github.com/ReChronoRain/HyperCeiler,0,0
99-problems,shekhargulati,3301,912,Java,https://github.com/shekhargulati/99-problems,0,0
