file,class,method,constructor,line,cbo,cboModified,fanin,fanout,wmc,rfc,loc,returnsQty,variablesQty,parametersQty,methodsInvokedQty,methodsInvokedLocalQty,methodsInvokedIndirectLocalQty,loopQty,comparisonsQty,tryCatchQty,parenthesizedExpsQty,stringLiteralsQty,numbersQty,assignmentsQty,mathOperationsQty,maxNestedBlocksQty,anonymousClassesQty,innerClassesQty,lambdasQty,uniqueWordsQty,modifiers,logStatementsQty,hasJavaDoc
C:\faculdade\6 periodo\laboratorio de exp\LAB2\repos\Toaster\library\src\main\java\com\hjq\toast\SystemToast.java,com.hjq.toast.SystemToast,SystemToast/1[com.hjq.toast.Application],true,22,1,1,1,0,1,0,3,0,0,1,0,0,0,0,0,0,0,0,0,0,0,0,0,0,0,4,1,0,false
C:\faculdade\6 periodo\laboratorio de exp\LAB2\repos\Toaster\library\src\main\java\com\hjq\toast\SystemToast.java,com.hjq.toast.SystemToast,setText/1[java.lang.CharSequence],false,37,0,0,0,0,2,1,7,1,0,1,1,0,0,0,1,0,0,0,0,0,0,1,0,0,0,9,1,0,false
C:\faculdade\6 periodo\laboratorio de exp\LAB2\repos\Toaster\library\src\main\java\com\hjq\toast\SystemToast.java,com.hjq.toast.SystemToast,setView/1[com.hjq.toast.View],false,27,2,1,0,1,2,2,8,1,0,1,2,0,0,0,1,0,0,0,0,2,0,1,0,0,0,7,1,0,false
C:\faculdade\6 periodo\laboratorio de exp\LAB2\repos\Toaster\app\src\main\java\com\hjq\toast\demo\MainActivity.java,com.hjq.toast.demo.MainActivity$Anonymous5,run/0,false,163,1,16,0,16,3,2,13,0,0,0,2,0,0,0,0,0,0,0,0,0,0,2,0,0,0,1,1,0,false
C:\faculdade\6 periodo\laboratorio de exp\LAB2\repos\Toaster\app\src\main\java\com\hjq\toast\demo\MainActivity.java,com.hjq.toast.demo.MainActivity$Anonymous2,run/0,false,76,1,16,0,16,1,1,3,0,0,0,1,0,0,0,0,0,0,0,0,0,0,0,0,0,0,1,1,0,false
C:\faculdade\6 periodo\laboratorio de exp\LAB2\repos\Toaster\library\src\main\java\com\hjq\toast\config\IToast.java,com.hjq.toast.config.IToast,findMessageView/1[com.hjq.toast.config.View],false,90,2,2,2,0,5,3,16,2,1,1,3,0,0,0,2,0,1,3,0,1,1,2,0,0,0,23,65536,0,true
C:\faculdade\6 periodo\laboratorio de exp\LAB2\repos\Toaster\library\src\main\java\com\hjq\toast\config\IToast.java,com.hjq.toast.config.IToast,setDuration/1[int],false,42,0,1,1,0,1,0,1,0,0,1,0,0,0,0,0,0,0,0,0,0,0,0,0,0,0,3,0,0,true
C:\faculdade\6 periodo\laboratorio de exp\LAB2\repos\Toaster\library\src\main\java\com\hjq\toast\config\IToast.java,com.hjq.toast.config.IToast,show/0,false,15,0,1,1,0,1,0,1,0,0,0,0,0,0,0,0,0,0,0,0,0,0,0,0,0,0,1,0,0,true
C:\faculdade\6 periodo\laboratorio de exp\LAB2\repos\Toaster\library\src\main\java\com\hjq\toast\config\IToast.java,com.hjq.toast.config.IToast,"setGravity/3[int,int,int]",false,52,0,1,1,0,1,0,1,0,0,3,0,0,0,0,0,0,0,0,0,0,0,0,0,0,0,4,0,0,true
C:\faculdade\6 periodo\laboratorio de exp\LAB2\repos\Toaster\library\src\main\java\com\hjq\toast\config\IToast.java,com.hjq.toast.config.IToast,getYOffset/0,false,67,0,0,0,0,1,0,1,0,0,0,0,0,0,0,0,0,0,0,0,0,0,0,0,0,0,3,0,0,true
C:\faculdade\6 periodo\laboratorio de exp\LAB2\repos\Toaster\library\src\main\java\com\hjq\toast\config\IToast.java,com.hjq.toast.config.IToast,getXOffset/0,false,62,0,0,0,0,1,0,1,0,0,0,0,0,0,0,0,0,0,0,0,0,0,0,0,0,0,3,0,0,true
C:\faculdade\6 periodo\laboratorio de exp\LAB2\repos\Toaster\library\src\main\java\com\hjq\toast\config\IToast.java,com.hjq.toast.config.IToast,getHorizontalMargin/0,false,77,0,0,0,0,1,0,1,0,0,0,0,0,0,0,0,0,0,0,0,0,0,0,0,0,0,3,0,0,true
C:\faculdade\6 periodo\laboratorio de exp\LAB2\repos\Toaster\library\src\main\java\com\hjq\toast\config\IToast.java,com.hjq.toast.config.IToast,setText/1[int],false,25,0,0,0,0,1,0,1,0,0,1,0,0,0,0,0,0,0,0,0,0,0,0,0,0,0,3,0,0,true
C:\faculdade\6 periodo\laboratorio de exp\LAB2\repos\Toaster\library\src\main\java\com\hjq\toast\config\IToast.java,com.hjq.toast.config.IToast,getDuration/0,false,47,0,0,0,0,1,0,1,0,0,0,0,0,0,0,0,0,0,0,0,0,0,0,0,0,0,2,0,0,true
C:\faculdade\6 periodo\laboratorio de exp\LAB2\repos\Toaster\library\src\main\java\com\hjq\toast\config\IToast.java,com.hjq.toast.config.IToast,setText/1[java.lang.CharSequence],false,30,0,1,1,0,1,0,1,0,0,1,0,0,0,0,0,0,0,0,0,0,0,0,0,0,0,5,0,0,false
C:\faculdade\6 periodo\laboratorio de exp\LAB2\repos\Toaster\library\src\main\java\com\hjq\toast\config\IToast.java,com.hjq.toast.config.IToast,setView/1[com.hjq.toast.config.View],false,32,1,1,1,0,1,0,1,0,0,1,0,0,0,0,0,0,0,0,0,0,0,0,0,0,0,3,0,0,true
C:\faculdade\6 periodo\laboratorio de exp\LAB2\repos\Toaster\library\src\main\java\com\hjq\toast\config\IToast.java,com.hjq.toast.config.IToast,getView/0,false,37,1,0,0,0,1,0,1,0,0,0,0,0,0,0,0,0,0,0,0,0,0,0,0,0,0,2,0,0,true
C:\faculdade\6 periodo\laboratorio de exp\LAB2\repos\Toaster\library\src\main\java\com\hjq\toast\config\IToast.java,com.hjq.toast.config.IToast,getVerticalMargin/0,false,82,0,0,0,0,1,0,1,0,0,0,0,0,0,0,0,0,0,0,0,0,0,0,0,0,0,3,0,0,true
C:\faculdade\6 periodo\laboratorio de exp\LAB2\repos\Toaster\library\src\main\java\com\hjq\toast\config\IToast.java,com.hjq.toast.config.IToast,cancel/0,false,20,0,2,2,0,1,0,1,0,0,0,0,0,0,0,0,0,0,0,0,0,0,0,0,0,0,1,0,0,true
C:\faculdade\6 periodo\laboratorio de exp\LAB2\repos\Toaster\library\src\main\java\com\hjq\toast\config\IToast.java,com.hjq.toast.config.IToast,"setMargin/2[float,float]",false,72,0,1,1,0,1,0,1,0,0,2,0,0,0,0,0,0,0,0,0,0,0,0,0,0,0,3,0,0,true
C:\faculdade\6 periodo\laboratorio de exp\LAB2\repos\Toaster\library\src\main\java\com\hjq\toast\config\IToast.java,com.hjq.toast.config.IToast,getGravity/0,false,57,0,0,0,0,1,0,1,0,0,0,0,0,0,0,0,0,0,0,0,0,0,0,0,0,0,2,0,0,true
C:\faculdade\6 periodo\laboratorio de exp\LAB2\repos\Toaster\app\src\main\java\com\hjq\toast\demo\MainActivity.java,com.hjq.toast.demo.MainActivity$Anonymous1,onTitleClick/1[com.hjq.toast.demo.TitleBar],false,40,2,0,0,0,1,5,5,0,1,1,5,0,0,0,0,0,0,0,0,1,0,0,0,0,0,9,1,0,false
C:\faculdade\6 periodo\laboratorio de exp\LAB2\repos\Toaster\app\src\main\java\com\hjq\toast\demo\MainActivity.java,com.hjq.toast.demo.MainActivity$Anonymous4,run/0,false,154,1,16,0,16,1,2,5,0,1,0,2,0,0,0,0,0,0,0,0,1,0,0,0,0,0,5,1,0,false
C:\faculdade\6 periodo\laboratorio de exp\LAB2\repos\Toaster\app\src\main\java\com\hjq\toast\demo\MainActivity.java,com.hjq.toast.demo.MainActivity$Anonymous3,run/0,false,147,0,16,0,16,1,5,3,0,0,0,5,0,0,0,0,0,0,0,0,0,0,0,0,0,0,3,1,0,false
C:\faculdade\6 periodo\laboratorio de exp\LAB2\repos\Toaster\library\src\main\java\com\hjq\toast\config\IToastStyle.java,com.hjq.toast.config.IToastStyle,getGravity/0,false,23,0,0,0,0,1,0,3,1,0,0,0,0,0,0,0,0,0,0,0,0,0,0,0,0,0,3,65536,0,true
C:\faculdade\6 periodo\laboratorio de exp\LAB2\repos\Toaster\library\src\main\java\com\hjq\toast\config\IToastStyle.java,com.hjq.toast.config.IToastStyle,getHorizontalMargin/0,false,44,0,0,0,0,1,0,3,1,0,0,0,0,0,0,0,0,0,0,1,0,0,0,0,0,0,4,65536,0,true
C:\faculdade\6 periodo\laboratorio de exp\LAB2\repos\Toaster\library\src\main\java\com\hjq\toast\config\IToastStyle.java,com.hjq.toast.config.IToastStyle,getYOffset/0,false,37,0,0,0,0,1,0,3,1,0,0,0,0,0,0,0,0,0,0,1,0,0,0,0,0,0,4,65536,0,true
C:\faculdade\6 periodo\laboratorio de exp\LAB2\repos\Toaster\library\src\main\java\com\hjq\toast\config\IToastStyle.java,com.hjq.toast.config.IToastStyle,createView/1[com.hjq.toast.config.Context],false,15,2,0,0,0,1,0,1,0,0,1,0,0,0,0,0,0,0,0,0,0,0,0,0,0,0,6,0,0,true
C:\faculdade\6 periodo\laboratorio de exp\LAB2\repos\Toaster\library\src\main\java\com\hjq\toast\config\IToastStyle.java,com.hjq.toast.config.IToastStyle,getXOffset/0,false,30,0,0,0,0,1,0,3,1,0,0,0,0,0,0,0,0,0,0,1,0,0,0,0,0,0,4,65536,0,true
C:\faculdade\6 periodo\laboratorio de exp\LAB2\repos\Toaster\library\src\main\java\com\hjq\toast\config\IToastStyle.java,com.hjq.toast.config.IToastStyle,getVerticalMargin/0,false,51,0,0,0,0,1,0,3,1,0,0,0,0,0,0,0,0,0,0,1,0,0,0,0,0,0,4,65536,0,true
C:\faculdade\6 periodo\laboratorio de exp\LAB2\repos\Toaster\library\src\main\java\com\hjq\toast\GlobalToast.java,com.hjq.toast.GlobalToast,cancel/0,false,27,1,1,0,1,1,1,3,0,0,0,1,0,0,0,0,0,0,0,0,0,0,0,0,0,0,1,1,0,false
C:\faculdade\6 periodo\laboratorio de exp\LAB2\repos\Toaster\library\src\main\java\com\hjq\toast\GlobalToast.java,com.hjq.toast.GlobalToast,GlobalToast/1[com.hjq.toast.Application],true,16,2,2,1,1,1,0,3,0,0,1,0,0,0,0,0,0,0,0,0,1,0,0,0,0,0,6,1,0,false
C:\faculdade\6 periodo\laboratorio de exp\LAB2\repos\Toaster\library\src\main\java\com\hjq\toast\GlobalToast.java,com.hjq.toast.GlobalToast,show/0,false,21,1,1,0,1,1,1,3,0,0,0,1,0,0,0,0,0,0,0,0,0,0,0,0,0,0,1,1,0,false
C:\faculdade\6 periodo\laboratorio de exp\LAB2\repos\Toaster\library\src\main\java\com\hjq\toast\CustomToast.java,com.hjq.toast.CustomToast,setText/1[int],false,40,1,1,0,1,2,3,6,1,0,1,3,1,1,0,1,0,0,0,0,0,0,1,0,0,0,6,1,0,false
C:\faculdade\6 periodo\laboratorio de exp\LAB2\repos\Toaster\library\src\main\java\com\hjq\toast\CustomToast.java,com.hjq.toast.CustomToast,setView/1[com.hjq.toast.View],false,56,2,1,0,1,2,1,8,1,0,1,1,0,0,0,1,0,0,0,0,3,0,1,0,0,0,7,1,0,false
C:\faculdade\6 periodo\laboratorio de exp\LAB2\repos\Toaster\library\src\main\java\com\hjq\toast\CustomToast.java,com.hjq.toast.CustomToast,"setMargin/2[float,float]",false,103,0,0,0,0,1,0,4,0,0,2,0,0,0,0,0,0,0,0,0,2,0,0,0,0,0,7,1,0,false
C:\faculdade\6 periodo\laboratorio de exp\LAB2\repos\Toaster\library\src\main\java\com\hjq\toast\CustomToast.java,com.hjq.toast.CustomToast,getYOffset/0,false,98,0,1,1,0,1,0,3,1,0,0,0,0,0,0,0,0,0,0,0,0,0,0,0,0,0,4,1,0,false
C:\faculdade\6 periodo\laboratorio de exp\LAB2\repos\Toaster\library\src\main\java\com\hjq\toast\CustomToast.java,com.hjq.toast.CustomToast,getShortDuration/0,false,130,0,1,1,0,1,0,3,1,0,0,0,0,0,0,0,0,0,0,0,0,0,0,0,0,0,4,1,0,false
C:\faculdade\6 periodo\laboratorio de exp\LAB2\repos\Toaster\library\src\main\java\com\hjq\toast\CustomToast.java,com.hjq.toast.CustomToast,setLongDuration/1[int],false,134,0,0,0,0,1,0,3,0,0,1,0,0,0,0,0,0,0,0,0,1,0,0,0,0,0,5,1,0,false
C:\faculdade\6 periodo\laboratorio de exp\LAB2\repos\Toaster\library\src\main\java\com\hjq\toast\CustomToast.java,com.hjq.toast.CustomToast,setAnimationsId/1[int],false,118,0,0,0,0,1,0,3,0,0,1,0,0,0,0,0,0,0,0,0,1,0,0,0,0,0,5,1,0,false
C:\faculdade\6 periodo\laboratorio de exp\LAB2\repos\Toaster\library\src\main\java\com\hjq\toast\CustomToast.java,com.hjq.toast.CustomToast,getXOffset/0,false,93,0,1,1,0,1,0,3,1,0,0,0,0,0,0,0,0,0,0,0,0,0,0,0,0,0,4,1,0,false
C:\faculdade\6 periodo\laboratorio de exp\LAB2\repos\Toaster\library\src\main\java\com\hjq\toast\CustomToast.java,com.hjq.toast.CustomToast,getAnimationsId/0,false,122,0,1,1,0,1,0,3,1,0,0,0,0,0,0,0,0,0,0,0,0,0,0,0,0,0,4,1,0,false
C:\faculdade\6 periodo\laboratorio de exp\LAB2\repos\Toaster\library\src\main\java\com\hjq\toast\CustomToast.java,com.hjq.toast.CustomToast,getLongDuration/0,false,138,0,1,1,0,1,0,3,1,0,0,0,0,0,0,0,0,0,0,0,0,0,0,0,0,0,4,1,0,false
C:\faculdade\6 periodo\laboratorio de exp\LAB2\repos\Toaster\library\src\main\java\com\hjq\toast\CustomToast.java,com.hjq.toast.CustomToast,setText/1[java.lang.CharSequence],false,48,0,1,1,0,2,1,6,1,0,1,1,0,0,0,1,0,0,0,0,0,0,1,0,0,0,9,1,0,false
C:\faculdade\6 periodo\laboratorio de exp\LAB2\repos\Toaster\library\src\main\java\com\hjq\toast\CustomToast.java,com.hjq.toast.CustomToast,setShortDuration/1[int],false,126,0,0,0,0,1,0,3,0,0,1,0,0,0,0,0,0,0,0,0,1,0,0,0,0,0,5,1,0,false
C:\faculdade\6 periodo\laboratorio de exp\LAB2\repos\Toaster\library\src\main\java\com\hjq\toast\CustomToast.java,com.hjq.toast.CustomToast,setDuration/1[int],false,71,0,0,0,0,1,0,3,0,0,1,0,0,0,0,0,0,0,0,0,1,0,0,0,0,0,4,1,0,false
C:\faculdade\6 periodo\laboratorio de exp\LAB2\repos\Toaster\library\src\main\java\com\hjq\toast\CustomToast.java,com.hjq.toast.CustomToast,getHorizontalMargin/0,false,109,0,1,1,0,1,0,3,1,0,0,0,0,0,0,0,0,0,0,0,0,0,0,0,0,0,4,1,0,false
C:\faculdade\6 periodo\laboratorio de exp\LAB2\repos\Toaster\library\src\main\java\com\hjq\toast\CustomToast.java,com.hjq.toast.CustomToast,getDuration/0,false,76,0,1,1,0,1,0,3,1,0,0,0,0,0,0,0,0,0,0,0,0,0,0,0,0,0,3,1,0,false
C:\faculdade\6 periodo\laboratorio de exp\LAB2\repos\Toaster\library\src\main\java\com\hjq\toast\CustomToast.java,com.hjq.toast.CustomToast,getView/0,false,66,1,1,1,0,1,0,3,1,0,0,0,0,0,0,0,0,0,0,0,0,0,0,0,0,0,3,1,0,false
C:\faculdade\6 periodo\laboratorio de exp\LAB2\repos\Toaster\library\src\main\java\com\hjq\toast\CustomToast.java,com.hjq.toast.CustomToast,getVerticalMargin/0,false,114,0,1,1,0,1,0,3,1,0,0,0,0,0,0,0,0,0,0,0,0,0,0,0,0,0,4,1,0,false
C:\faculdade\6 periodo\laboratorio de exp\LAB2\repos\Toaster\library\src\main\java\com\hjq\toast\CustomToast.java,com.hjq.toast.CustomToast,"setGravity/3[int,int,int]",false,81,0,0,0,0,1,0,5,0,0,3,0,0,0,0,0,0,0,0,0,3,0,0,0,0,0,9,1,0,false
C:\faculdade\6 periodo\laboratorio de exp\LAB2\repos\Toaster\library\src\main\java\com\hjq\toast\CustomToast.java,com.hjq.toast.CustomToast,getGravity/0,false,88,0,1,1,0,1,0,3,1,0,0,0,0,0,0,0,0,0,0,0,0,0,0,0,0,0,3,1,0,false
C:\faculdade\6 periodo\laboratorio de exp\LAB2\repos\Toaster\app\src\main\java\com\hjq\toast\demo\MainActivity.java,com.hjq.toast.demo.MainActivity,showLongToast/1[com.hjq.toast.demo.View],false,56,2,1,0,1,1,1,3,0,0,1,1,0,0,0,0,0,0,0,0,0,0,0,0,0,0,5,1,0,false
C:\faculdade\6 periodo\laboratorio de exp\LAB2\repos\Toaster\app\src\main\java\com\hjq\toast\demo\MainActivity.java,com.hjq.toast.demo.MainActivity,switchToastStrategy/1[com.hjq.toast.demo.View],false,130,3,3,0,3,1,4,5,0,0,1,4,0,0,0,0,0,0,0,0,0,0,0,0,0,0,8,1,0,false
C:\faculdade\6 periodo\laboratorio de exp\LAB2\repos\Toaster\app\src\main\java\com\hjq\toast\demo\MainActivity.java,com.hjq.toast.demo.MainActivity,switchToastStyleToWhite/1[com.hjq.toast.demo.View],false,82,4,3,0,3,1,2,6,0,1,1,2,0,0,0,0,0,0,0,0,3,0,0,0,0,0,11,1,0,false
C:\faculdade\6 periodo\laboratorio de exp\LAB2\repos\Toaster\app\src\main\java\com\hjq\toast\demo\MainActivity.java,com.hjq.toast.demo.MainActivity,delayShowToast/1[com.hjq.toast.demo.View],false,67,2,1,0,1,1,1,3,0,0,1,1,0,0,0,0,0,0,0,1,0,0,0,0,0,0,5,1,0,false
C:\faculdade\6 periodo\laboratorio de exp\LAB2\repos\Toaster\app\src\main\java\com\hjq\toast\demo\MainActivity.java,com.hjq.toast.demo.MainActivity,onCreate/1[com.hjq.toast.demo.Bundle],false,33,3,0,0,0,1,4,13,0,1,1,4,0,0,0,0,0,0,0,0,1,0,0,1,0,0,22,4,0,false
C:\faculdade\6 periodo\laboratorio de exp\LAB2\repos\Toaster\app\src\main\java\com\hjq\toast\demo\MainActivity.java,com.hjq.toast.demo.MainActivity,combinationEasyWindowShow/1[com.hjq.toast.demo.View],false,177,4,2,0,2,1,13,3,0,0,1,13,0,0,0,0,0,0,0,2,0,0,0,0,0,0,8,1,0,false
C:\faculdade\6 periodo\laboratorio de exp\LAB2\repos\Toaster\app\src\main\java\com\hjq\toast\demo\MainActivity.java,com.hjq.toast.demo.MainActivity,showToast/1[com.hjq.toast.demo.View],false,48,2,1,0,1,1,1,3,0,0,1,1,0,0,0,0,0,0,0,0,0,0,0,0,0,0,4,1,0,false
C:\faculdade\6 periodo\laboratorio de exp\LAB2\repos\Toaster\app\src\main\java\com\hjq\toast\demo\MainActivity.java,com.hjq.toast.demo.MainActivity,threadShowToast/1[com.hjq.toast.demo.View],false,72,1,1,0,1,1,1,8,0,0,1,1,0,0,0,0,0,0,1,0,0,0,0,1,0,0,8,1,0,false
C:\faculdade\6 periodo\laboratorio de exp\LAB2\repos\Toaster\app\src\main\java\com\hjq\toast\demo\MainActivity.java,com.hjq.toast.demo.MainActivity,switchToastStyleToSuccess/1[com.hjq.toast.demo.View],false,110,4,3,0,3,1,2,6,0,1,1,2,0,0,0,0,0,0,0,0,3,0,0,0,0,0,12,1,0,false
C:\faculdade\6 periodo\laboratorio de exp\LAB2\repos\Toaster\app\src\main\java\com\hjq\toast\demo\MainActivity.java,com.hjq.toast.demo.MainActivity,switchToastStyleToError/1[com.hjq.toast.demo.View],false,117,4,3,0,3,1,2,6,0,1,1,2,0,0,0,0,0,0,0,0,3,0,0,0,0,0,12,1,0,false
C:\faculdade\6 periodo\laboratorio de exp\LAB2\repos\Toaster\app\src\main\java\com\hjq\toast\demo\MainActivity.java,com.hjq.toast.demo.MainActivity,showThriceToast/1[com.hjq.toast.demo.View],false,136,2,1,0,1,2,3,5,0,1,1,3,0,0,1,0,0,0,0,3,1,1,1,0,0,0,8,1,0,false
C:\faculdade\6 periodo\laboratorio de exp\LAB2\repos\Toaster\app\src\main\java\com\hjq\toast\demo\MainActivity.java,com.hjq.toast.demo.MainActivity,toBackgroundShowToast/1[com.hjq.toast.demo.View],false,142,1,1,0,1,1,6,33,0,0,1,6,0,0,0,0,0,0,0,3,0,0,0,3,0,0,14,1,0,false
C:\faculdade\6 periodo\laboratorio de exp\LAB2\repos\Toaster\app\src\main\java\com\hjq\toast\demo\MainActivity.java,com.hjq.toast.demo.MainActivity,switchToastStyleToInfo/1[com.hjq.toast.demo.View],false,96,4,3,0,3,1,2,6,0,1,1,2,0,0,0,0,0,0,0,0,3,0,0,0,0,0,12,1,0,false
C:\faculdade\6 periodo\laboratorio de exp\LAB2\repos\Toaster\app\src\main\java\com\hjq\toast\demo\MainActivity.java,com.hjq.toast.demo.MainActivity,showCrossPageToast/1[com.hjq.toast.demo.View],false,60,3,2,0,2,1,2,6,0,1,1,2,0,0,0,0,0,0,0,0,3,0,0,0,0,0,11,1,0,false
C:\faculdade\6 periodo\laboratorio de exp\LAB2\repos\Toaster\app\src\main\java\com\hjq\toast\demo\MainActivity.java,com.hjq.toast.demo.MainActivity,showShortToast/1[com.hjq.toast.demo.View],false,52,2,1,0,1,1,1,3,0,0,1,1,0,0,0,0,0,0,0,0,0,0,0,0,0,0,5,1,0,false
C:\faculdade\6 periodo\laboratorio de exp\LAB2\repos\Toaster\app\src\main\java\com\hjq\toast\demo\MainActivity.java,com.hjq.toast.demo.MainActivity,switchToastStyleToBlack/1[com.hjq.toast.demo.View],false,89,4,3,0,3,1,2,6,0,1,1,2,0,0,0,0,0,0,0,0,3,0,0,0,0,0,11,1,0,false
C:\faculdade\6 periodo\laboratorio de exp\LAB2\repos\Toaster\app\src\main\java\com\hjq\toast\demo\MainActivity.java,com.hjq.toast.demo.MainActivity,customGlobalToastStyle/1[com.hjq.toast.demo.View],false,124,2,3,0,3,1,3,5,0,0,1,3,0,0,0,0,0,0,0,0,0,0,0,0,0,0,6,1,0,false
C:\faculdade\6 periodo\laboratorio de exp\LAB2\repos\Toaster\app\src\main\java\com\hjq\toast\demo\MainActivity.java,com.hjq.toast.demo.MainActivity,switchToastStyleToWarn/1[com.hjq.toast.demo.View],false,103,4,3,0,3,1,2,6,0,1,1,2,0,0,0,0,0,0,0,0,3,0,0,0,0,0,12,1,0,false
C:\faculdade\6 periodo\laboratorio de exp\LAB2\repos\Toaster\library\src\main\java\com\hjq\toast\NotificationToast.java,com.hjq.toast.NotificationToast,hookNotificationService/0,false,34,3,2,1,1,6,14,24,3,4,0,14,0,0,0,1,1,0,7,0,5,0,2,0,0,0,16,10,0,false
C:\faculdade\6 periodo\laboratorio de exp\LAB2\repos\Toaster\library\src\main\java\com\hjq\toast\NotificationToast.java,com.hjq.toast.NotificationToast,show/0,false,27,1,1,0,1,1,2,4,0,0,0,2,1,1,0,0,0,0,0,0,0,0,0,0,0,0,4,1,0,false
C:\faculdade\6 periodo\laboratorio de exp\LAB2\repos\Toaster\library\src\main\java\com\hjq\toast\NotificationToast.java,com.hjq.toast.NotificationToast,NotificationToast/1[com.hjq.toast.Application],true,22,1,1,1,0,1,0,3,0,0,1,0,0,0,0,0,0,0,0,0,0,0,0,0,0,0,4,1,0,false
C:\faculdade\6 periodo\laboratorio de exp\LAB2\repos\Toaster\library\src\main\java\com\hjq\toast\style\CustomToastStyle.java,com.hjq.toast.style.CustomToastStyle,"CustomToastStyle/2[int,int]",true,29,0,0,0,0,1,0,3,0,0,2,0,0,0,0,0,0,0,0,2,0,0,0,0,0,0,4,1,0,false
C:\faculdade\6 periodo\laboratorio de exp\LAB2\repos\Toaster\library\src\main\java\com\hjq\toast\style\CustomToastStyle.java,com.hjq.toast.style.CustomToastStyle,"CustomToastStyle/6[int,int,int,int,float,float]",true,37,0,1,1,0,1,0,8,0,0,6,0,0,0,0,0,0,0,0,0,6,0,0,0,0,0,19,1,0,false
C:\faculdade\6 periodo\laboratorio de exp\LAB2\repos\Toaster\library\src\main\java\com\hjq\toast\style\CustomToastStyle.java,com.hjq.toast.style.CustomToastStyle,getYOffset/0,false,62,0,0,0,0,1,0,3,1,0,0,0,0,0,0,0,0,0,0,0,0,0,0,0,0,0,4,1,0,false
C:\faculdade\6 periodo\laboratorio de exp\LAB2\repos\Toaster\library\src\main\java\com\hjq\toast\style\CustomToastStyle.java,com.hjq.toast.style.CustomToastStyle,getGravity/0,false,52,0,0,0,0,1,0,3,1,0,0,0,0,0,0,0,0,0,0,0,0,0,0,0,0,0,3,1,0,false
C:\faculdade\6 periodo\laboratorio de exp\LAB2\repos\Toaster\library\src\main\java\com\hjq\toast\style\CustomToastStyle.java,com.hjq.toast.style.CustomToastStyle,getXOffset/0,false,57,0,0,0,0,1,0,3,1,0,0,0,0,0,0,0,0,0,0,0,0,0,0,0,0,0,4,1,0,false
C:\faculdade\6 periodo\laboratorio de exp\LAB2\repos\Toaster\library\src\main\java\com\hjq\toast\style\CustomToastStyle.java,com.hjq.toast.style.CustomToastStyle,createView/1[com.hjq.toast.style.Context],false,47,2,0,0,0,1,2,3,1,0,1,2,0,0,0,0,0,0,0,0,0,0,0,0,0,0,4,1,0,false
C:\faculdade\6 periodo\laboratorio de exp\LAB2\repos\Toaster\library\src\main\java\com\hjq\toast\style\CustomToastStyle.java,com.hjq.toast.style.CustomToastStyle,CustomToastStyle/1[int],true,25,0,4,4,0,1,0,3,0,0,1,0,0,0,0,0,0,0,0,0,0,0,0,0,0,0,4,1,0,false
C:\faculdade\6 periodo\laboratorio de exp\LAB2\repos\Toaster\library\src\main\java\com\hjq\toast\style\CustomToastStyle.java,com.hjq.toast.style.CustomToastStyle,getHorizontalMargin/0,false,67,0,0,0,0,1,0,3,1,0,0,0,0,0,0,0,0,0,0,0,0,0,0,0,0,0,4,1,0,false
C:\faculdade\6 periodo\laboratorio de exp\LAB2\repos\Toaster\library\src\main\java\com\hjq\toast\style\CustomToastStyle.java,com.hjq.toast.style.CustomToastStyle,"CustomToastStyle/4[int,int,int,int]",true,33,0,0,0,0,1,0,3,0,0,4,0,0,0,0,0,0,0,0,2,0,0,0,0,0,0,5,1,0,false
C:\faculdade\6 periodo\laboratorio de exp\LAB2\repos\Toaster\library\src\main\java\com\hjq\toast\style\CustomToastStyle.java,com.hjq.toast.style.CustomToastStyle,getVerticalMargin/0,false,72,0,0,0,0,1,0,3,1,0,0,0,0,0,0,0,0,0,0,0,0,0,0,0,0,0,4,1,0,false
C:\faculdade\6 periodo\laboratorio de exp\LAB2\repos\Toaster\library\src\main\java\com\hjq\toast\ToastImpl.java,com.hjq.toast.ToastImpl$Anonymous2,run/0,false,207,4,16,0,16,3,6,16,1,1,0,6,0,0,0,1,1,0,0,0,1,0,2,0,0,0,12,1,0,false
C:\faculdade\6 periodo\laboratorio de exp\LAB2\repos\Toaster\library\src\main\java\com\hjq\toast\ToastStrategy.java,com.hjq.toast.ToastStrategy$ShowToastRunnable,ShowToastRunnable/1[com.hjq.toast.ToastParams],true,211,1,1,1,0,1,0,3,0,0,1,0,0,0,0,0,0,0,0,0,1,0,0,0,0,0,6,2,0,false
C:\faculdade\6 periodo\laboratorio de exp\LAB2\repos\Toaster\library\src\main\java\com\hjq\toast\ToastStrategy.java,com.hjq.toast.ToastStrategy$ShowToastRunnable,run/0,false,216,2,5,0,5,3,6,14,0,1,0,6,0,0,0,2,0,0,0,0,4,0,1,0,0,0,9,1,0,false
C:\faculdade\6 periodo\laboratorio de exp\LAB2\repos\Toaster\library\src\main\java\com\hjq\toast\ToastImpl.java,com.hjq.toast.ToastImpl$Anonymous1,run/0,false,137,5,16,0,16,7,20,41,1,2,0,20,0,0,0,2,1,0,1,0,16,0,2,0,0,1,30,1,0,false
C:\faculdade\6 periodo\laboratorio de exp\LAB2\repos\Toaster\library\src\main\java\com\hjq\toast\SafeHandler.java,com.hjq.toast.SafeHandler,handleMessage/1[com.hjq.toast.Message],false,23,1,0,0,0,2,2,8,0,0,1,2,0,0,0,0,1,0,0,0,0,0,1,0,0,0,7,1,0,false
C:\faculdade\6 periodo\laboratorio de exp\LAB2\repos\Toaster\library\src\main\java\com\hjq\toast\SafeHandler.java,com.hjq.toast.SafeHandler,SafeHandler/1[com.hjq.toast.Handler],true,18,1,1,1,0,1,0,3,0,0,1,0,0,0,0,0,0,0,0,0,1,0,0,0,0,0,4,0,0,false
C:\faculdade\6 periodo\laboratorio de exp\LAB2\repos\Toaster\app\src\main\java\com\hjq\toast\demo\ToastApplication.java,com.hjq.toast.demo.ToastApplication,onCreate/0,false,16,1,1,0,1,1,2,4,0,0,0,2,0,0,0,0,0,0,0,0,0,0,0,0,0,0,2,1,0,false
C:\faculdade\6 periodo\laboratorio de exp\LAB2\repos\Toaster\library\src\main\java\com\hjq\toast\config\IToastInterceptor.java,com.hjq.toast.config.IToastInterceptor,intercept/1[com.hjq.toast.ToastParams],false,13,1,1,1,0,1,0,1,0,0,1,0,0,0,0,0,0,0,0,0,0,0,0,0,0,0,4,0,0,true
C:\faculdade\6 periodo\laboratorio de exp\LAB2\repos\Toaster\library\src\main\java\com\hjq\toast\ToastStrategy.java,com.hjq.toast.ToastStrategy,isActivityAvailable/1[com.hjq.toast.Activity],false,323,1,1,1,0,4,2,12,4,0,1,2,0,0,0,1,0,0,0,0,0,0,1,0,0,0,7,4,0,true
C:\faculdade\6 periodo\laboratorio de exp\LAB2\repos\Toaster\library\src\main\java\com\hjq\toast\ToastStrategy.java,com.hjq.toast.ToastStrategy,getForegroundActivity/0,false,316,2,3,1,2,1,2,3,1,0,0,2,0,0,0,0,0,0,0,0,0,0,0,0,0,0,3,4,0,true
C:\faculdade\6 periodo\laboratorio de exp\LAB2\repos\Toaster\library\src\main\java\com\hjq\toast\ToastStrategy.java,com.hjq.toast.ToastStrategy,onlyShowSystemToastStyle/0,false,258,1,2,1,1,1,1,3,1,0,0,1,1,1,0,0,0,0,0,1,0,0,0,0,0,0,11,4,0,true
C:\faculdade\6 periodo\laboratorio de exp\LAB2\repos\Toaster\library\src\main\java\com\hjq\toast\ToastStrategy.java,com.hjq.toast.ToastStrategy,ToastStrategy/1[int],true,84,0,1,1,0,3,0,10,0,0,1,0,0,0,0,0,0,0,1,0,1,0,1,0,0,0,14,1,0,false
C:\faculdade\6 periodo\laboratorio de exp\LAB2\repos\Toaster\library\src\main\java\com\hjq\toast\ToastStrategy.java,com.hjq.toast.ToastStrategy,"diyToastStyle/2[com.hjq.toast.config.IToast,com.hjq.toast.config.IToastStyle<?>]",false,186,2,10,1,9,1,9,5,0,0,2,9,0,0,0,0,0,0,0,0,0,0,0,0,0,0,7,4,0,true
C:\faculdade\6 periodo\laboratorio de exp\LAB2\repos\Toaster\library\src\main\java\com\hjq\toast\ToastStrategy.java,com.hjq.toast.ToastStrategy,computeShowDuration/1[java.lang.CharSequence],false,101,0,0,0,0,2,1,3,1,0,1,1,0,0,0,0,0,0,0,1,0,0,0,0,0,0,6,1,0,false
C:\faculdade\6 periodo\laboratorio de exp\LAB2\repos\Toaster\library\src\main\java\com\hjq\toast\ToastStrategy.java,com.hjq.toast.ToastStrategy,cancelToast/0,false,167,1,2,1,1,1,2,4,0,1,0,2,0,0,0,0,0,0,0,0,1,0,0,0,0,0,6,1,0,false
C:\faculdade\6 periodo\laboratorio de exp\LAB2\repos\Toaster\library\src\main\java\com\hjq\toast\ToastStrategy.java,com.hjq.toast.ToastStrategy,createToast/1[com.hjq.toast.ToastParams],false,106,9,12,1,11,10,7,23,1,2,1,7,6,2,0,1,0,0,0,0,6,0,1,0,0,0,27,1,0,false
C:\faculdade\6 periodo\laboratorio de exp\LAB2\repos\Toaster\library\src\main\java\com\hjq\toast\ToastStrategy.java,com.hjq.toast.ToastStrategy,showToast/1[com.hjq.toast.ToastParams],false,138,3,3,0,3,6,4,24,0,3,1,4,2,1,0,0,0,3,0,2,5,4,2,0,0,0,28,1,0,false
C:\faculdade\6 periodo\laboratorio de exp\LAB2\repos\Toaster\library\src\main\java\com\hjq\toast\ToastStrategy.java,com.hjq.toast.ToastStrategy,ToastStrategy/0,true,80,0,1,1,0,1,0,3,0,0,0,0,0,0,0,0,0,0,0,0,0,0,0,0,0,0,2,1,0,false
C:\faculdade\6 periodo\laboratorio de exp\LAB2\repos\Toaster\library\src\main\java\com\hjq\toast\ToastStrategy.java,com.hjq.toast.ToastStrategy,registerStrategy/1[com.hjq.toast.Application],false,96,1,0,0,0,1,0,3,0,0,1,0,0,0,0,0,0,0,0,0,1,0,0,0,0,0,5,1,0,false
C:\faculdade\6 periodo\laboratorio de exp\LAB2\repos\Toaster\library\src\main\java\com\hjq\toast\ToastStrategy.java,com.hjq.toast.ToastStrategy,isChangeEnabledCompat/1[long],false,265,1,1,1,0,3,7,15,3,2,1,7,0,0,0,0,1,0,3,0,2,0,1,0,0,0,22,4,0,false
C:\faculdade\6 periodo\laboratorio de exp\LAB2\repos\Toaster\library\src\main\java\com\hjq\toast\ToastStrategy.java,com.hjq.toast.ToastStrategy,areNotificationsEnabled/1[com.hjq.toast.Context],false,289,4,1,1,0,4,10,19,4,4,1,10,0,0,0,1,1,1,4,0,4,0,2,0,0,0,24,4,0,true
C:\faculdade\6 periodo\laboratorio de exp\LAB2\repos\Toaster\library\src\main\java\com\hjq\toast\ToastStrategy.java,com.hjq.toast.ToastStrategy,areSupportCustomToastStyle/1[com.hjq.toast.config.IToast],false,175,2,1,1,0,2,0,3,1,0,1,0,0,0,0,0,0,0,0,0,0,0,0,0,0,0,7,4,0,true
C:\faculdade\6 periodo\laboratorio de exp\LAB2\repos\Toaster\library\src\main\java\com\hjq\toast\ToastStrategy.java,com.hjq.toast.ToastStrategy,generateToastWaitMillis/1[com.hjq.toast.ToastParams],false,195,1,1,1,0,3,0,9,3,0,1,0,0,0,0,2,0,0,0,3,0,0,1,0,0,0,6,4,0,true
C:\faculdade\6 periodo\laboratorio de exp\LAB2\repos\Toaster\library\src\main\java\com\hjq\toast\config\IToastStrategy.java,com.hjq.toast.config.IToastStrategy,computeShowDuration/1[java.lang.CharSequence],false,19,0,1,1,0,1,0,1,0,0,1,0,0,0,0,0,0,0,0,0,0,0,0,0,0,0,7,0,0,true
C:\faculdade\6 periodo\laboratorio de exp\LAB2\repos\Toaster\library\src\main\java\com\hjq\toast\config\IToastStrategy.java,com.hjq.toast.config.IToastStrategy,createToast/1[com.hjq.toast.ToastParams],false,24,2,0,0,0,1,0,1,0,0,1,0,0,0,0,0,0,0,0,0,0,0,0,0,0,0,5,0,0,true
C:\faculdade\6 periodo\laboratorio de exp\LAB2\repos\Toaster\library\src\main\java\com\hjq\toast\config\IToastStrategy.java,com.hjq.toast.config.IToastStrategy,registerStrategy/1[com.hjq.toast.config.Application],false,14,1,1,1,0,1,0,1,0,0,1,0,0,0,0,0,0,0,0,0,0,0,0,0,0,0,4,0,0,true
C:\faculdade\6 periodo\laboratorio de exp\LAB2\repos\Toaster\library\src\main\java\com\hjq\toast\config\IToastStrategy.java,com.hjq.toast.config.IToastStrategy,cancelToast/0,false,34,0,1,1,0,1,0,1,0,0,0,0,0,0,0,0,0,0,0,0,0,0,0,0,0,0,2,0,0,true
C:\faculdade\6 periodo\laboratorio de exp\LAB2\repos\Toaster\library\src\main\java\com\hjq\toast\config\IToastStrategy.java,com.hjq.toast.config.IToastStrategy,showToast/1[com.hjq.toast.ToastParams],false,29,1,1,1,0,1,0,1,0,0,1,0,0,0,0,0,0,0,0,0,0,0,0,0,0,0,4,0,0,true
C:\faculdade\6 periodo\laboratorio de exp\LAB2\repos\Toaster\library\src\main\java\com\hjq\toast\ToastLogInterceptor.java,com.hjq.toast.ToastLogInterceptor,printToast/1[java.lang.CharSequence],false,23,1,4,1,3,6,10,23,1,4,1,10,3,1,1,0,1,0,3,1,4,1,3,0,0,0,25,4,0,false
C:\faculdade\6 periodo\laboratorio de exp\LAB2\repos\Toaster\library\src\main\java\com\hjq\toast\ToastLogInterceptor.java,com.hjq.toast.ToastLogInterceptor,filterClass/1[java.lang.Class<?>],false,61,2,1,1,0,1,5,3,1,0,1,5,0,0,0,0,0,0,0,0,0,0,0,0,0,0,3,4,0,false
C:\faculdade\6 periodo\laboratorio de exp\LAB2\repos\Toaster\library\src\main\java\com\hjq\toast\ToastLogInterceptor.java,com.hjq.toast.ToastLogInterceptor,isLogEnable/0,false,52,1,2,1,1,1,1,3,1,0,0,1,0,0,0,0,0,0,0,0,0,0,0,0,0,0,3,4,0,false
C:\faculdade\6 periodo\laboratorio de exp\LAB2\repos\Toaster\library\src\main\java\com\hjq\toast\ToastLogInterceptor.java,com.hjq.toast.ToastLogInterceptor,intercept/1[com.hjq.toast.ToastParams],false,18,2,1,0,1,1,1,4,1,0,1,1,1,2,0,0,0,0,0,0,0,0,0,0,0,0,6,1,0,false
C:\faculdade\6 periodo\laboratorio de exp\LAB2\repos\Toaster\library\src\main\java\com\hjq\toast\ToastLogInterceptor.java,com.hjq.toast.ToastLogInterceptor,printLog/1[java.lang.String],false,56,0,1,1,0,1,1,3,0,0,1,1,0,0,0,0,0,0,1,0,0,0,0,0,0,0,3,4,0,false
C:\faculdade\6 periodo\laboratorio de exp\LAB2\repos\Toaster\library\src\main\java\com\hjq\toast\ToastStrategy.java,com.hjq.toast.ToastStrategy$CancelToastRunnable,run/0,false,242,1,1,0,1,3,2,10,1,1,0,2,0,0,0,2,0,0,0,0,2,0,1,0,0,0,7,1,0,false
C:\faculdade\6 periodo\laboratorio de exp\LAB2\repos\Toaster\library\src\main\java\com\hjq\toast\style\LocationToastStyle.java,com.hjq.toast.style.LocationToastStyle,createView/1[com.hjq.toast.style.Context],false,39,3,1,0,1,1,1,3,1,0,1,1,0,0,0,0,0,0,0,0,0,0,0,0,0,0,4,1,0,false
C:\faculdade\6 periodo\laboratorio de exp\LAB2\repos\Toaster\library\src\main\java\com\hjq\toast\style\LocationToastStyle.java,com.hjq.toast.style.LocationToastStyle,"LocationToastStyle/2[com.hjq.toast.config.IToastStyle<?>,int]",true,25,1,0,0,0,1,0,3,0,0,2,0,0,0,0,0,0,0,0,4,0,0,0,0,0,0,4,1,0,false
C:\faculdade\6 periodo\laboratorio de exp\LAB2\repos\Toaster\library\src\main\java\com\hjq\toast\style\LocationToastStyle.java,com.hjq.toast.style.LocationToastStyle,getHorizontalMargin/0,false,59,0,0,0,0,1,0,3,1,0,0,0,0,0,0,0,0,0,0,0,0,0,0,0,0,0,4,1,0,false
C:\faculdade\6 periodo\laboratorio de exp\LAB2\repos\Toaster\library\src\main\java\com\hjq\toast\style\LocationToastStyle.java,com.hjq.toast.style.LocationToastStyle,getVerticalMargin/0,false,64,0,0,0,0,1,0,3,1,0,0,0,0,0,0,0,0,0,0,0,0,0,0,0,0,0,4,1,0,false
C:\faculdade\6 periodo\laboratorio de exp\LAB2\repos\Toaster\library\src\main\java\com\hjq\toast\style\LocationToastStyle.java,com.hjq.toast.style.LocationToastStyle,"LocationToastStyle/6[com.hjq.toast.config.IToastStyle<?>,int,int,int,float,float]",true,29,1,1,1,0,1,0,8,0,0,6,0,0,0,0,0,0,0,0,0,6,0,0,0,0,0,17,1,0,false
C:\faculdade\6 periodo\laboratorio de exp\LAB2\repos\Toaster\library\src\main\java\com\hjq\toast\style\LocationToastStyle.java,com.hjq.toast.style.LocationToastStyle,getYOffset/0,false,54,0,0,0,0,1,0,3,1,0,0,0,0,0,0,0,0,0,0,0,0,0,0,0,0,0,4,1,0,false
C:\faculdade\6 periodo\laboratorio de exp\LAB2\repos\Toaster\library\src\main\java\com\hjq\toast\style\LocationToastStyle.java,com.hjq.toast.style.LocationToastStyle,getGravity/0,false,44,0,0,0,0,1,0,3,1,0,0,0,0,0,0,0,0,0,0,0,0,0,0,0,0,0,3,1,0,false
C:\faculdade\6 periodo\laboratorio de exp\LAB2\repos\Toaster\library\src\main\java\com\hjq\toast\style\LocationToastStyle.java,com.hjq.toast.style.LocationToastStyle,getXOffset/0,false,49,0,0,0,0,1,0,3,1,0,0,0,0,0,0,0,0,0,0,0,0,0,0,0,0,0,4,1,0,false
C:\faculdade\6 periodo\laboratorio de exp\LAB2\repos\Toaster\library\src\main\java\com\hjq\toast\ActivityToast.java,com.hjq.toast.ActivityToast,cancel/0,false,27,1,1,0,1,1,1,3,0,0,0,1,0,0,0,0,0,0,0,0,0,0,0,0,0,0,1,1,0,false
C:\faculdade\6 periodo\laboratorio de exp\LAB2\repos\Toaster\library\src\main\java\com\hjq\toast\ActivityToast.java,com.hjq.toast.ActivityToast,ActivityToast/1[com.hjq.toast.Activity],true,16,2,2,1,1,1,0,3,0,0,1,0,0,0,0,0,0,0,0,0,1,0,0,0,0,0,5,1,0,false
C:\faculdade\6 periodo\laboratorio de exp\LAB2\repos\Toaster\library\src\main\java\com\hjq\toast\ActivityToast.java,com.hjq.toast.ActivityToast,show/0,false,21,1,1,0,1,1,1,3,0,0,0,1,0,0,0,0,0,0,0,0,0,0,0,0,0,0,1,1,0,false
C:\faculdade\6 periodo\laboratorio de exp\LAB2\repos\Toaster\library\src\main\java\com\hjq\toast\SafeToast.java,com.hjq.toast.SafeToast,hookToastTN/0,false,34,3,2,1,1,4,7,21,2,4,0,7,0,0,0,0,1,0,2,0,5,0,2,0,0,0,17,2,0,false
C:\faculdade\6 periodo\laboratorio de exp\LAB2\repos\Toaster\library\src\main\java\com\hjq\toast\SafeToast.java,com.hjq.toast.SafeToast,show/0,false,29,1,1,0,1,1,2,4,0,0,0,2,1,1,0,0,0,0,0,0,0,0,0,0,0,0,5,1,0,false
C:\faculdade\6 periodo\laboratorio de exp\LAB2\repos\Toaster\library\src\main\java\com\hjq\toast\SafeToast.java,com.hjq.toast.SafeToast,SafeToast/1[com.hjq.toast.Application],true,24,1,1,1,0,1,0,3,0,0,1,0,0,0,0,0,0,0,0,0,0,0,0,0,0,0,4,1,0,false
C:\faculdade\6 periodo\laboratorio de exp\LAB2\repos\Toaster\library\src\main\java\com\hjq\toast\Toaster.java,com.hjq.toast.Toaster,show/1[int],false,179,1,2,0,2,1,2,3,0,0,1,2,2,4,0,0,0,0,0,0,0,0,0,0,0,0,8,9,0,true
C:\faculdade\6 periodo\laboratorio de exp\LAB2\repos\Toaster\library\src\main\java\com\hjq\toast\Toaster.java,com.hjq.toast.Toaster,"setGravity/3[int,int,int]",false,243,1,2,1,1,1,1,3,0,0,3,1,1,1,0,0,0,0,0,2,0,0,0,0,0,0,4,9,0,false
C:\faculdade\6 periodo\laboratorio de exp\LAB2\repos\Toaster\library\src\main\java\com\hjq\toast\Toaster.java,com.hjq.toast.Toaster,"init/3[com.hjq.toast.Application,com.hjq.toast.config.IToastStrategy,com.hjq.toast.config.IToastStyle<?>]",false,68,7,9,2,7,4,5,15,1,0,3,5,3,1,0,2,0,0,0,0,3,0,1,0,0,0,14,9,0,true
C:\faculdade\6 periodo\laboratorio de exp\LAB2\repos\Toaster\library\src\main\java\com\hjq\toast\Toaster.java,com.hjq.toast.Toaster,cancel/0,false,230,1,1,0,1,1,1,3,0,0,0,1,0,0,0,0,0,0,0,0,0,0,0,0,0,0,1,9,0,true
C:\faculdade\6 periodo\laboratorio de exp\LAB2\repos\Toaster\library\src\main\java\com\hjq\toast\Toaster.java,com.hjq.toast.Toaster,Toaster/0,true,42,0,0,0,0,1,0,2,0,0,0,0,0,0,0,0,0,0,0,0,0,0,0,0,0,0,1,2,0,true
C:\faculdade\6 periodo\laboratorio de exp\LAB2\repos\Toaster\library\src\main\java\com\hjq\toast\Toaster.java,com.hjq.toast.Toaster,isInit/0,false,93,0,1,1,0,4,0,3,1,0,0,0,0,0,0,3,0,0,0,0,0,0,0,0,0,0,8,9,0,true
C:\faculdade\6 periodo\laboratorio de exp\LAB2\repos\Toaster\library\src\main\java\com\hjq\toast\Toaster.java,com.hjq.toast.Toaster,debugShow/1[int],false,120,1,2,0,2,1,2,3,0,0,1,2,2,5,0,0,0,0,0,0,0,0,0,0,0,0,9,9,0,true
C:\faculdade\6 periodo\laboratorio de exp\LAB2\repos\Toaster\library\src\main\java\com\hjq\toast\Toaster.java,com.hjq.toast.Toaster,getStyle/0,false,280,1,1,1,0,1,0,3,1,0,0,0,0,0,0,0,0,0,0,0,0,0,0,0,0,0,4,9,0,false
C:\faculdade\6 periodo\laboratorio de exp\LAB2\repos\Toaster\library\src\main\java\com\hjq\toast\Toaster.java,com.hjq.toast.Toaster,showLong/1[java.lang.Object],false,164,1,2,0,2,1,2,3,0,0,1,2,2,3,0,0,0,0,0,0,0,0,0,0,0,0,7,9,0,false
C:\faculdade\6 periodo\laboratorio de exp\LAB2\repos\Toaster\library\src\main\java\com\hjq\toast\Toaster.java,com.hjq.toast.Toaster,show/1[java.lang.CharSequence],false,187,2,4,2,2,1,1,5,0,1,1,1,1,2,0,0,0,0,0,0,2,0,0,0,0,0,7,9,0,false
C:\faculdade\6 periodo\laboratorio de exp\LAB2\repos\Toaster\library\src\main\java\com\hjq\toast\Toaster.java,com.hjq.toast.Toaster,showShort/1[java.lang.Object],false,145,1,2,0,2,1,2,3,0,0,1,2,2,3,0,0,0,0,0,0,0,0,0,0,0,0,7,9,0,false
C:\faculdade\6 periodo\laboratorio de exp\LAB2\repos\Toaster\library\src\main\java\com\hjq\toast\Toaster.java,com.hjq.toast.Toaster,debugShow/1[java.lang.Object],false,124,1,2,0,2,1,2,3,0,0,1,2,2,4,0,0,0,0,0,0,0,0,0,0,0,0,7,9,0,false
C:\faculdade\6 periodo\laboratorio de exp\LAB2\repos\Toaster\library\src\main\java\com\hjq\toast\Toaster.java,com.hjq.toast.Toaster,debugShow/1[java.lang.CharSequence],false,128,2,5,2,3,2,2,8,1,1,1,2,2,3,0,0,0,0,0,0,2,0,1,0,0,0,12,9,0,false
C:\faculdade\6 periodo\laboratorio de exp\LAB2\repos\Toaster\library\src\main\java\com\hjq\toast\Toaster.java,com.hjq.toast.Toaster,setView/1[int],false,254,3,8,1,7,3,6,9,2,0,1,6,1,1,0,1,0,0,0,1,0,0,1,0,0,0,8,9,0,true
C:\faculdade\6 periodo\laboratorio de exp\LAB2\repos\Toaster\library\src\main\java\com\hjq\toast\Toaster.java,com.hjq.toast.Toaster,"delayedShow/2[int,long]",false,101,1,2,0,2,1,2,3,0,0,2,2,2,4,0,0,0,0,0,0,0,0,0,0,0,0,11,9,0,true
C:\faculdade\6 periodo\laboratorio de exp\LAB2\repos\Toaster\library\src\main\java\com\hjq\toast\Toaster.java,com.hjq.toast.Toaster,init/1[com.hjq.toast.Application],false,49,2,2,1,1,1,1,3,0,0,1,1,1,3,0,0,0,0,0,0,0,0,0,0,0,0,3,9,0,true
C:\faculdade\6 periodo\laboratorio de exp\LAB2\repos\Toaster\library\src\main\java\com\hjq\toast\Toaster.java,com.hjq.toast.Toaster,showShort/1[java.lang.CharSequence],false,149,2,5,3,2,1,1,6,0,1,1,1,1,2,0,0,0,0,0,0,3,0,0,0,0,0,8,9,0,false
C:\faculdade\6 periodo\laboratorio de exp\LAB2\repos\Toaster\library\src\main\java\com\hjq\toast\Toaster.java,com.hjq.toast.Toaster,"init/2[com.hjq.toast.Application,com.hjq.toast.config.IToastStrategy]",false,53,3,1,0,1,1,1,3,0,0,2,1,1,2,0,0,0,0,0,0,0,0,0,0,0,0,3,9,0,false
C:\faculdade\6 periodo\laboratorio de exp\LAB2\repos\Toaster\library\src\main\java\com\hjq\toast\Toaster.java,com.hjq.toast.Toaster,showShort/1[int],false,141,1,2,0,2,1,2,3,0,0,1,2,2,4,0,0,0,0,0,0,0,0,0,0,0,0,9,9,0,true
C:\faculdade\6 periodo\laboratorio de exp\LAB2\repos\Toaster\library\src\main\java\com\hjq\toast\Toaster.java,com.hjq.toast.Toaster,isDebugMode/0,false,328,1,3,2,1,2,2,7,1,0,0,2,1,1,0,2,0,1,0,1,1,0,1,0,0,0,8,8,0,false
C:\faculdade\6 periodo\laboratorio de exp\LAB2\repos\Toaster\library\src\main\java\com\hjq\toast\Toaster.java,com.hjq.toast.Toaster,stringIdToCharSequence/1[int],false,336,1,6,5,1,2,4,9,2,0,1,4,1,1,0,0,1,0,0,0,0,0,1,0,0,0,10,10,0,false
C:\faculdade\6 periodo\laboratorio de exp\LAB2\repos\Toaster\library\src\main\java\com\hjq\toast\Toaster.java,com.hjq.toast.Toaster,showLong/1[java.lang.CharSequence],false,168,2,5,3,2,1,1,6,0,1,1,1,1,2,0,0,0,0,0,0,3,0,0,0,0,0,8,9,0,false
C:\faculdade\6 periodo\laboratorio de exp\LAB2\repos\Toaster\library\src\main\java\com\hjq\toast\Toaster.java,com.hjq.toast.Toaster,getStrategy/0,false,295,1,0,0,0,1,0,3,1,0,0,0,0,0,0,0,0,0,0,0,0,0,0,0,0,0,5,9,0,false
C:\faculdade\6 periodo\laboratorio de exp\LAB2\repos\Toaster\library\src\main\java\com\hjq\toast\Toaster.java,com.hjq.toast.Toaster,setStyle/1[com.hjq.toast.config.IToastStyle<?>],false,273,1,2,2,0,2,0,6,1,0,1,0,0,0,0,1,0,0,0,0,1,0,1,0,0,0,8,9,0,true
C:\faculdade\6 periodo\laboratorio de exp\LAB2\repos\Toaster\library\src\main\java\com\hjq\toast\Toaster.java,com.hjq.toast.Toaster,setStrategy/1[com.hjq.toast.config.IToastStrategy],false,287,1,3,2,1,2,1,7,1,0,1,1,0,0,0,1,0,0,0,0,1,0,1,0,0,0,8,9,0,true
C:\faculdade\6 periodo\laboratorio de exp\LAB2\repos\Toaster\library\src\main\java\com\hjq\toast\Toaster.java,com.hjq.toast.Toaster,objectToCharSequence/1[java.lang.Object],false,347,0,5,5,0,2,1,3,1,0,1,1,0,0,0,1,0,0,1,0,0,0,0,0,0,0,6,10,0,false
C:\faculdade\6 periodo\laboratorio de exp\LAB2\repos\Toaster\library\src\main\java\com\hjq\toast\Toaster.java,com.hjq.toast.Toaster,checkInitStatus/0,false,321,0,3,3,0,2,0,5,0,0,0,0,0,0,0,1,0,0,1,0,0,0,1,0,0,0,12,10,0,true
C:\faculdade\6 periodo\laboratorio de exp\LAB2\repos\Toaster\library\src\main\java\com\hjq\toast\Toaster.java,com.hjq.toast.Toaster,"init/2[com.hjq.toast.Application,com.hjq.toast.config.IToastStyle<?>]",false,57,3,2,1,1,1,1,3,0,0,2,1,1,2,0,0,0,0,0,0,0,0,0,0,0,0,3,9,0,false
C:\faculdade\6 periodo\laboratorio de exp\LAB2\repos\Toaster\library\src\main\java\com\hjq\toast\Toaster.java,com.hjq.toast.Toaster,"setGravity/5[int,int,int,float,float]",false,247,1,2,1,1,1,0,3,0,0,5,0,0,0,0,0,0,0,0,0,1,0,0,0,0,0,8,9,0,false
C:\faculdade\6 periodo\laboratorio de exp\LAB2\repos\Toaster\library\src\main\java\com\hjq\toast\Toaster.java,com.hjq.toast.Toaster,setGravity/1[int],false,239,1,2,1,1,1,1,3,0,0,1,1,1,2,0,0,0,0,0,2,0,0,0,0,0,0,3,9,0,true
C:\faculdade\6 periodo\laboratorio de exp\LAB2\repos\Toaster\library\src\main\java\com\hjq\toast\Toaster.java,com.hjq.toast.Toaster,getInterceptor/0,false,307,1,0,0,0,1,0,3,1,0,0,0,0,0,0,0,0,0,0,0,0,0,0,0,0,0,5,9,0,false
C:\faculdade\6 periodo\laboratorio de exp\LAB2\repos\Toaster\library\src\main\java\com\hjq\toast\Toaster.java,com.hjq.toast.Toaster,setInterceptor/1[com.hjq.toast.config.IToastInterceptor],false,303,1,0,0,0,1,0,3,0,0,1,0,0,0,0,0,0,0,0,0,1,0,0,0,0,0,6,9,0,true
C:\faculdade\6 periodo\laboratorio de exp\LAB2\repos\Toaster\library\src\main\java\com\hjq\toast\Toaster.java,com.hjq.toast.Toaster,showLong/1[int],false,160,1,2,0,2,1,2,3,0,0,1,2,2,4,0,0,0,0,0,0,0,0,0,0,0,0,9,9,0,true
C:\faculdade\6 periodo\laboratorio de exp\LAB2\repos\Toaster\library\src\main\java\com\hjq\toast\Toaster.java,com.hjq.toast.Toaster,"delayedShow/2[java.lang.CharSequence,long]",false,109,2,5,3,2,1,1,6,0,1,2,1,1,2,0,0,0,0,0,0,3,0,0,0,0,0,11,9,0,false
C:\faculdade\6 periodo\laboratorio de exp\LAB2\repos\Toaster\library\src\main\java\com\hjq\toast\Toaster.java,com.hjq.toast.Toaster,show/1[com.hjq.toast.ToastParams],false,193,5,17,12,5,9,5,25,2,0,1,5,1,1,0,7,0,0,0,2,5,0,2,0,0,0,13,9,0,false
C:\faculdade\6 periodo\laboratorio de exp\LAB2\repos\Toaster\library\src\main\java\com\hjq\toast\Toaster.java,com.hjq.toast.Toaster,show/1[java.lang.Object],false,183,1,7,5,2,1,2,3,0,0,1,2,2,3,0,0,0,0,0,0,0,0,0,0,0,0,6,9,0,false
C:\faculdade\6 periodo\laboratorio de exp\LAB2\repos\Toaster\library\src\main\java\com\hjq\toast\Toaster.java,com.hjq.toast.Toaster,setDebugMode/1[boolean],false,314,0,0,0,0,1,0,3,0,0,1,0,0,0,0,0,0,0,0,0,1,0,0,0,0,0,5,9,0,true
C:\faculdade\6 periodo\laboratorio de exp\LAB2\repos\Toaster\library\src\main\java\com\hjq\toast\Toaster.java,com.hjq.toast.Toaster,"delayedShow/2[java.lang.Object,long]",false,105,1,2,0,2,1,2,3,0,0,2,2,2,3,0,0,0,0,0,0,0,0,0,0,0,0,9,9,0,false
C:\faculdade\6 periodo\laboratorio de exp\LAB2\repos\Toaster\library\src\main\java\com\hjq\toast\ToastImpl.java,com.hjq.toast.ToastImpl,sendAccessibilityEvent/1[com.hjq.toast.View],false,111,5,1,1,0,3,11,20,1,4,1,11,0,0,0,0,0,0,1,0,5,0,1,0,0,0,11,2,0,true
C:\faculdade\6 periodo\laboratorio de exp\LAB2\repos\Toaster\library\src\main\java\com\hjq\toast\ToastImpl.java,com.hjq.toast.ToastImpl,setShow/1[boolean],false,65,0,1,1,0,1,0,3,0,0,1,0,0,0,0,0,0,0,0,0,1,0,0,0,0,0,4,0,0,false
C:\faculdade\6 periodo\laboratorio de exp\LAB2\repos\Toaster\library\src\main\java\com\hjq\toast\ToastImpl.java,com.hjq.toast.ToastImpl,isMainThread/0,false,103,0,2,2,0,2,2,3,1,0,0,2,0,0,0,1,0,0,0,0,0,0,0,0,0,0,3,2,0,true
C:\faculdade\6 periodo\laboratorio de exp\LAB2\repos\Toaster\library\src\main\java\com\hjq\toast\ToastImpl.java,com.hjq.toast.ToastImpl,"ToastImpl/2[com.hjq.toast.Activity,com.hjq.toast.CustomToast]",true,44,4,3,2,1,1,0,5,0,0,2,0,0,0,0,0,0,0,0,0,2,0,0,0,0,0,12,0,0,false
C:\faculdade\6 periodo\laboratorio de exp\LAB2\repos\Toaster\library\src\main\java\com\hjq\toast\ToastImpl.java,com.hjq.toast.ToastImpl,"ToastImpl/2[com.hjq.toast.Context,com.hjq.toast.CustomToast]",true,56,2,0,0,0,1,1,4,0,0,2,1,0,0,0,0,0,0,0,0,2,0,0,0,0,0,7,2,0,false
C:\faculdade\6 periodo\laboratorio de exp\LAB2\repos\Toaster\library\src\main\java\com\hjq\toast\ToastImpl.java,com.hjq.toast.ToastImpl,"ToastImpl/2[com.hjq.toast.Application,com.hjq.toast.CustomToast]",true,50,4,1,0,1,1,0,5,0,0,2,0,0,0,0,0,0,0,0,0,2,0,0,0,0,0,12,0,0,false
C:\faculdade\6 periodo\laboratorio de exp\LAB2\repos\Toaster\library\src\main\java\com\hjq\toast\ToastImpl.java,com.hjq.toast.ToastImpl,cancel/0,false,87,1,6,4,2,3,5,13,1,0,0,5,2,1,0,0,0,0,0,0,0,0,1,0,0,0,8,0,0,true
C:\faculdade\6 periodo\laboratorio de exp\LAB2\repos\Toaster\library\src\main\java\com\hjq\toast\ToastImpl.java,com.hjq.toast.ToastImpl,show/0,false,72,1,4,2,2,3,5,12,1,0,0,5,2,1,0,0,0,0,0,0,0,0,1,0,0,0,7,0,0,true
C:\faculdade\6 periodo\laboratorio de exp\LAB2\repos\Toaster\library\src\main\java\com\hjq\toast\ToastImpl.java,com.hjq.toast.ToastImpl,isShow/0,false,61,0,2,2,0,1,0,3,1,0,0,0,0,0,0,0,0,0,0,0,0,0,0,0,0,0,3,0,0,false
C:\faculdade\6 periodo\laboratorio de exp\LAB2\repos\Toaster\library\src\main\java\com\hjq\toast\style\WhiteToastStyle.java,com.hjq.toast.style.WhiteToastStyle,getTextColor/1[com.hjq.toast.style.Context],false,17,1,0,0,0,1,0,3,1,0,1,0,0,0,0,0,0,0,0,1,0,0,0,0,0,0,9,4,0,false
C:\faculdade\6 periodo\laboratorio de exp\LAB2\repos\Toaster\library\src\main\java\com\hjq\toast\style\WhiteToastStyle.java,com.hjq.toast.style.WhiteToastStyle,getBackgroundDrawable/1[com.hjq.toast.style.Context],false,22,3,0,0,0,1,5,6,1,1,1,5,0,0,0,0,0,0,0,2,1,0,0,0,0,0,12,4,0,false
C:\faculdade\6 periodo\laboratorio de exp\LAB2\repos\Toaster\library\src\main\java\com\hjq\toast\ActivityStack.java,com.hjq.toast.ActivityStack,register/1[com.hjq.toast.Application],false,36,1,1,1,0,2,1,6,1,0,1,1,0,0,0,1,0,0,0,0,0,0,1,0,0,0,5,1,0,true
C:\faculdade\6 periodo\laboratorio de exp\LAB2\repos\Toaster\library\src\main\java\com\hjq\toast\ActivityStack.java,com.hjq.toast.ActivityStack,getInstance/0,false,19,1,3,2,1,3,0,10,1,0,0,0,0,0,0,2,0,0,0,0,1,0,3,0,0,0,6,9,0,false
C:\faculdade\6 periodo\laboratorio de exp\LAB2\repos\Toaster\library\src\main\java\com\hjq\toast\ActivityStack.java,com.hjq.toast.ActivityStack,"onActivitySaveInstanceState/2[com.hjq.toast.Activity,com.hjq.toast.Bundle]",false,73,2,0,0,0,1,0,2,0,0,2,0,0,0,0,0,0,0,0,0,0,0,0,0,0,0,6,1,0,false
C:\faculdade\6 periodo\laboratorio de exp\LAB2\repos\Toaster\library\src\main\java\com\hjq\toast\ActivityStack.java,com.hjq.toast.ActivityStack,getForegroundActivity/0,false,46,1,1,1,0,1,0,3,1,0,0,0,0,0,0,0,0,0,0,0,0,0,0,0,0,0,4,1,0,false
C:\faculdade\6 periodo\laboratorio de exp\LAB2\repos\Toaster\library\src\main\java\com\hjq\toast\ActivityStack.java,com.hjq.toast.ActivityStack,onActivityDestroyed/1[com.hjq.toast.Activity],false,76,1,0,0,0,1,0,2,0,0,1,0,0,0,0,0,0,0,0,0,0,0,0,0,0,0,4,1,0,false
C:\faculdade\6 periodo\laboratorio de exp\LAB2\repos\Toaster\library\src\main\java\com\hjq\toast\ActivityStack.java,com.hjq.toast.ActivityStack,"onActivityCreated/2[com.hjq.toast.Activity,com.hjq.toast.Bundle]",false,51,2,0,0,0,1,0,2,0,0,2,0,0,0,0,0,0,0,0,0,0,0,0,0,0,0,6,1,0,false
C:\faculdade\6 periodo\laboratorio de exp\LAB2\repos\Toaster\library\src\main\java\com\hjq\toast\ActivityStack.java,com.hjq.toast.ActivityStack,ActivityStack/0,true,31,0,1,1,0,1,0,2,0,0,0,0,0,0,0,0,0,0,0,0,0,0,0,0,0,0,2,2,0,true
C:\faculdade\6 periodo\laboratorio de exp\LAB2\repos\Toaster\library\src\main\java\com\hjq\toast\ActivityStack.java,com.hjq.toast.ActivityStack,onActivityStopped/1[com.hjq.toast.Activity],false,70,1,0,0,0,1,0,2,0,0,1,0,0,0,0,0,0,0,0,0,0,0,0,0,0,0,4,1,0,false
C:\faculdade\6 periodo\laboratorio de exp\LAB2\repos\Toaster\library\src\main\java\com\hjq\toast\ActivityStack.java,com.hjq.toast.ActivityStack,onActivityStarted/1[com.hjq.toast.Activity],false,54,1,0,0,0,1,0,2,0,0,1,0,0,0,0,0,0,0,0,0,0,0,0,0,0,0,4,1,0,false
C:\faculdade\6 periodo\laboratorio de exp\LAB2\repos\Toaster\library\src\main\java\com\hjq\toast\ActivityStack.java,com.hjq.toast.ActivityStack,onActivityPaused/1[com.hjq.toast.Activity],false,62,1,0,0,0,2,0,6,1,0,1,0,0,0,0,1,0,0,0,0,1,0,1,0,0,0,7,1,0,false
C:\faculdade\6 periodo\laboratorio de exp\LAB2\repos\Toaster\library\src\main\java\com\hjq\toast\ActivityStack.java,com.hjq.toast.ActivityStack,onActivityResumed/1[com.hjq.toast.Activity],false,57,1,0,0,0,1,0,3,0,0,1,0,0,0,0,0,0,0,0,0,1,0,0,0,0,0,6,1,0,false
C:\faculdade\6 periodo\laboratorio de exp\LAB2\repos\Toaster\library\src\main\java\com\hjq\toast\WindowLifecycle.java,com.hjq.toast.WindowLifecycle,getWindowManager/0,false,38,1,1,1,0,5,3,12,4,0,0,3,0,0,0,2,0,0,0,0,0,0,2,0,0,0,7,1,0,true
C:\faculdade\6 periodo\laboratorio de exp\LAB2\repos\Toaster\library\src\main\java\com\hjq\toast\WindowLifecycle.java,com.hjq.toast.WindowLifecycle,unregister/0,false,123,0,2,2,0,3,2,12,1,0,0,2,0,0,0,1,0,0,0,0,1,0,1,0,0,0,6,0,0,true
C:\faculdade\6 periodo\laboratorio de exp\LAB2\repos\Toaster\library\src\main\java\com\hjq\toast\WindowLifecycle.java,com.hjq.toast.WindowLifecycle,"onActivitySaveInstanceState/2[com.hjq.toast.Activity,com.hjq.toast.Bundle]",false,89,2,0,0,0,1,0,2,0,0,2,0,0,0,0,0,0,0,0,0,0,0,0,0,0,0,6,1,0,false
C:\faculdade\6 periodo\laboratorio de exp\LAB2\repos\Toaster\library\src\main\java\com\hjq\toast\WindowLifecycle.java,com.hjq.toast.WindowLifecycle,onActivityStarted/1[com.hjq.toast.Activity],false,62,1,0,0,0,1,0,2,0,0,1,0,0,0,0,0,0,0,0,0,0,0,0,0,0,0,4,1,0,false
C:\faculdade\6 periodo\laboratorio de exp\LAB2\repos\Toaster\library\src\main\java\com\hjq\toast\WindowLifecycle.java,com.hjq.toast.WindowLifecycle,onActivityDestroyed/1[com.hjq.toast.Activity],false,92,3,2,0,2,3,2,10,1,0,1,2,1,1,0,2,0,0,0,0,1,0,1,0,0,0,9,1,0,false
C:\faculdade\6 periodo\laboratorio de exp\LAB2\repos\Toaster\library\src\main\java\com\hjq\toast\WindowLifecycle.java,com.hjq.toast.WindowLifecycle,onActivityPaused/1[com.hjq.toast.Activity],false,71,2,1,0,1,3,1,9,2,0,1,1,0,0,0,2,0,0,0,0,0,0,1,0,0,0,8,1,0,false
C:\faculdade\6 periodo\laboratorio de exp\LAB2\repos\Toaster\library\src\main\java\com\hjq\toast\WindowLifecycle.java,com.hjq.toast.WindowLifecycle,WindowLifecycle/1[com.hjq.toast.Activity],true,27,1,2,2,0,1,0,3,0,0,1,0,0,0,0,0,0,0,0,0,1,0,0,0,0,0,5,0,0,false
C:\faculdade\6 periodo\laboratorio de exp\LAB2\repos\Toaster\library\src\main\java\com\hjq\toast\WindowLifecycle.java,com.hjq.toast.WindowLifecycle,onActivityResumed/1[com.hjq.toast.Activity],false,65,1,0,0,0,1,0,2,0,0,1,0,0,0,0,0,0,0,0,0,0,0,0,0,0,0,4,1,0,false
C:\faculdade\6 periodo\laboratorio de exp\LAB2\repos\Toaster\library\src\main\java\com\hjq\toast\WindowLifecycle.java,com.hjq.toast.WindowLifecycle,register/1[com.hjq.toast.ToastImpl],false,108,1,1,1,0,3,2,12,1,0,1,2,0,0,0,1,0,0,0,0,1,0,1,0,0,0,7,0,0,true
C:\faculdade\6 periodo\laboratorio de exp\LAB2\repos\Toaster\library\src\main\java\com\hjq\toast\WindowLifecycle.java,com.hjq.toast.WindowLifecycle,WindowLifecycle/1[com.hjq.toast.Application],true,31,1,0,0,0,1,0,3,0,0,1,0,0,0,0,0,0,0,0,0,1,0,0,0,0,0,5,0,0,false
C:\faculdade\6 periodo\laboratorio de exp\LAB2\repos\Toaster\library\src\main\java\com\hjq\toast\WindowLifecycle.java,com.hjq.toast.WindowLifecycle,onActivityStopped/1[com.hjq.toast.Activity],false,86,1,0,0,0,1,0,2,0,0,1,0,0,0,0,0,0,0,0,0,0,0,0,0,0,0,4,1,0,false
C:\faculdade\6 periodo\laboratorio de exp\LAB2\repos\Toaster\library\src\main\java\com\hjq\toast\WindowLifecycle.java,com.hjq.toast.WindowLifecycle,"onActivityCreated/2[com.hjq.toast.Activity,com.hjq.toast.Bundle]",false,59,2,0,0,0,1,0,2,0,0,2,0,0,0,0,0,0,0,0,0,0,0,0,0,0,0,6,1,0,true
C:\faculdade\6 periodo\laboratorio de exp\LAB2\repos\Toaster\library\src\main\java\com\hjq\toast\style\BlackToastStyle.java,com.hjq.toast.style.BlackToastStyle,createView/1[com.hjq.toast.style.Context],false,24,6,7,0,7,4,17,27,1,4,1,17,7,1,0,0,0,0,0,0,4,0,1,0,0,0,19,1,0,false
C:\faculdade\6 periodo\laboratorio de exp\LAB2\repos\Toaster\library\src\main\java\com\hjq\toast\style\BlackToastStyle.java,com.hjq.toast.style.BlackToastStyle,getHorizontalPadding/1[com.hjq.toast.style.Context],false,72,1,1,1,0,1,3,3,1,0,1,3,0,0,0,0,0,0,0,1,0,0,0,0,0,0,5,4,0,false
C:\faculdade\6 periodo\laboratorio de exp\LAB2\repos\Toaster\library\src\main\java\com\hjq\toast\style\BlackToastStyle.java,com.hjq.toast.style.BlackToastStyle,getVerticalPadding/1[com.hjq.toast.style.Context],false,77,1,1,1,0,1,3,3,1,0,1,3,0,0,0,0,0,0,0,1,0,0,0,0,0,0,5,4,0,false
C:\faculdade\6 periodo\laboratorio de exp\LAB2\repos\Toaster\library\src\main\java\com\hjq\toast\style\BlackToastStyle.java,com.hjq.toast.style.BlackToastStyle,getTextGravity/1[com.hjq.toast.style.Context],false,59,1,1,1,0,1,0,3,1,0,1,0,0,0,0,0,0,0,0,0,0,0,0,0,0,0,5,4,0,false
C:\faculdade\6 periodo\laboratorio de exp\LAB2\repos\Toaster\library\src\main\java\com\hjq\toast\style\BlackToastStyle.java,com.hjq.toast.style.BlackToastStyle,getTextColor/1[com.hjq.toast.style.Context],false,63,1,1,1,0,1,0,3,1,0,1,0,0,0,0,0,0,0,0,1,0,0,0,0,0,0,9,4,0,false
C:\faculdade\6 periodo\laboratorio de exp\LAB2\repos\Toaster\library\src\main\java\com\hjq\toast\style\BlackToastStyle.java,com.hjq.toast.style.BlackToastStyle,getBackgroundDrawable/1[com.hjq.toast.style.Context],false,82,3,1,1,0,1,5,6,1,1,1,5,0,0,0,0,0,0,0,2,1,0,0,0,0,0,10,4,0,false
C:\faculdade\6 periodo\laboratorio de exp\LAB2\repos\Toaster\library\src\main\java\com\hjq\toast\style\BlackToastStyle.java,com.hjq.toast.style.BlackToastStyle,getTextSize/1[com.hjq.toast.style.Context],false,67,1,1,1,0,1,3,3,1,0,1,3,0,0,0,0,0,0,0,1,0,0,0,0,0,0,5,4,0,false
C:\faculdade\6 periodo\laboratorio de exp\LAB2\repos\Toaster\library\src\main\java\com\hjq\toast\style\BlackToastStyle.java,com.hjq.toast.style.BlackToastStyle,getTranslationZ/1[com.hjq.toast.style.Context],false,92,1,1,1,0,1,3,3,1,0,1,3,0,0,0,0,0,0,0,1,0,0,0,0,0,0,5,4,0,false
C:\faculdade\6 periodo\laboratorio de exp\LAB2\repos\Toaster\library\src\main\java\com\hjq\toast\NotificationServiceProxy.java,com.hjq.toast.NotificationServiceProxy,NotificationServiceProxy/1[java.lang.Object],true,17,0,1,1,0,1,0,3,0,0,1,0,0,0,0,0,0,0,0,0,1,0,0,0,0,0,7,1,0,false
C:\faculdade\6 periodo\laboratorio de exp\LAB2\repos\Toaster\library\src\main\java\com\hjq\toast\NotificationServiceProxy.java,com.hjq.toast.NotificationServiceProxy,"invoke/3[java.lang.Object,java.lang.reflect.Method,java.lang.Object[]]",false,22,0,0,0,0,4,2,12,1,0,3,2,0,0,0,0,0,0,4,1,1,0,1,0,0,0,4,1,0,false
